time,jst,open,high,low,close,volume
2022-01-31 22:00:00+00:00,2022-02-01 07:00:00+09:00,35048.5,35077.0,35038.5,35045.0,751
2022-01-31 22:30:00+00:00,2022-02-01 07:30:00+09:00,35048.0,35062.0,35024.5,35058.1,518
2022-01-31 23:00:00+00:00,2022-02-01 08:00:00+09:00,35059.1,35073.5,35053.5,35066.3,901
2022-01-31 23:30:00+00:00,2022-02-01 08:30:00+09:00,35066.8,35082.0,35051.7,35070.5,639
2022-02-01 00:00:00+00:00,2022-02-01 09:00:00+09:00,35071.0,35072.5,35009.5,35025.5,674
2022-02-01 00:30:00+00:00,2022-02-01 09:30:00+09:00,35026.0,35035.0,34963.0,34974.5,1162
2022-02-01 01:00:00+00:00,2022-02-01 10:00:00+09:00,34974.0,35004.6,34958.0,34998.6,770
2022-02-01 01:30:00+00:00,2022-02-01 10:30:00+09:00,34997.6,35006.5,34970.1,34992.7,685
2022-02-01 02:00:00+00:00,2022-02-01 11:00:00+09:00,34993.2,35045.5,34982.7,35030.0,617
2022-02-01 02:30:00+00:00,2022-02-01 11:30:00+09:00,35030.5,35058.0,35011.5,35055.5,729
2022-02-01 03:00:00+00:00,2022-02-01 12:00:00+09:00,35055.0,35061.2,35026.0,35054.7,620
2022-02-01 03:30:00+00:00,2022-02-01 12:30:00+09:00,35054.2,35059.1,35033.1,35059.1,559
2022-02-01 04:00:00+00:00,2022-02-01 13:00:00+09:00,35057.1,35072.0,35042.7,35052.4,524
2022-02-01 04:30:00+00:00,2022-02-01 13:30:00+09:00,35052.9,35082.1,35049.1,35071.0,474
2022-02-01 05:00:00+00:00,2022-02-01 14:00:00+09:00,35067.0,35090.5,35036.2,35038.3,703
2022-02-01 05:30:00+00:00,2022-02-01 14:30:00+09:00,35038.8,35066.0,35035.0,35065.0,599
2022-02-01 06:00:00+00:00,2022-02-01 15:00:00+09:00,35064.1,35135.6,35051.6,35113.6,1536
2022-02-01 06:30:00+00:00,2022-02-01 15:30:00+09:00,35112.6,35129.6,35080.6,35101.6,1535
2022-02-01 07:00:00+00:00,2022-02-01 16:00:00+09:00,35099.6,35219.6,35087.6,35186.6,3330
2022-02-01 07:30:00+00:00,2022-02-01 16:30:00+09:00,35187.1,35202.6,35140.1,35174.1,2294
2022-02-01 08:00:00+00:00,2022-02-01 17:00:00+09:00,35167.6,35169.6,35013.6,35014.6,2920
2022-02-01 08:30:00+00:00,2022-02-01 17:30:00+09:00,35008.6,35058.1,34971.7,35039.7,2954
2022-02-01 09:00:00+00:00,2022-02-01 18:00:00+09:00,35038.7,35086.6,35029.6,35049.6,2561
2022-02-01 09:30:00+00:00,2022-02-01 18:30:00+09:00,35049.1,35089.1,35024.7,35045.2,2300
2022-02-01 10:00:00+00:00,2022-02-01 19:00:00+09:00,35043.2,35125.6,35035.6,35075.1,2251
2022-02-01 10:30:00+00:00,2022-02-01 19:30:00+09:00,35075.6,35095.7,35058.1,35061.1,1986
2022-02-01 11:00:00+00:00,2022-02-01 20:00:00+09:00,35062.6,35069.1,35035.6,35065.1,1827
2022-02-01 11:30:00+00:00,2022-02-01 20:30:00+09:00,35064.6,35107.7,35059.6,35082.2,1582
2022-02-01 12:00:00+00:00,2022-02-01 21:00:00+09:00,35082.7,35140.6,35077.1,35123.6,1659
2022-02-01 12:30:00+00:00,2022-02-01 21:30:00+09:00,35124.6,35160.6,35089.7,35155.6,1861
2022-02-01 13:00:00+00:00,2022-02-01 22:00:00+09:00,35156.5,35200.1,35123.1,35184.1,2582
2022-02-01 13:30:00+00:00,2022-02-01 22:30:00+09:00,35182.5,35229.6,35075.1,35160.2,6794
2022-02-01 14:00:00+00:00,2022-02-01 23:00:00+09:00,35160.5,35163.1,34985.6,35070.1,6827
2022-02-01 14:30:00+00:00,2022-02-01 23:30:00+09:00,35073.1,35172.6,35041.6,35171.6,6270
2022-02-01 15:00:00+00:00,2022-02-02 00:00:00+09:00,35168.1,35195.6,35104.1,35129.1,5735
2022-02-01 15:30:00+00:00,2022-02-02 00:30:00+09:00,35127.6,35176.1,35058.6,35157.7,5091
2022-02-01 16:00:00+00:00,2022-02-02 01:00:00+09:00,35157.6,35174.1,35097.6,35136.1,4730
2022-02-01 16:30:00+00:00,2022-02-02 01:30:00+09:00,35137.1,35156.2,35073.2,35153.2,4799
2022-02-01 17:00:00+00:00,2022-02-02 02:00:00+09:00,35152.2,35154.2,35097.1,35143.7,3393
2022-02-01 17:30:00+00:00,2022-02-02 02:30:00+09:00,35144.2,35191.7,35115.2,35180.2,4094
2022-02-01 18:00:00+00:00,2022-02-02 03:00:00+09:00,35182.2,35214.7,35149.6,35182.2,4743
2022-02-01 18:30:00+00:00,2022-02-02 03:30:00+09:00,35181.2,35212.7,35166.2,35205.2,4669
2022-02-01 19:00:00+00:00,2022-02-02 04:00:00+09:00,35204.7,35351.2,35194.1,35340.2,4582
2022-02-01 19:30:00+00:00,2022-02-02 04:30:00+09:00,35340.7,35435.1,35303.7,35384.6,4965
2022-02-01 20:00:00+00:00,2022-02-02 05:00:00+09:00,35386.6,35414.1,35311.6,35373.9,2352
2022-02-01 20:30:00+00:00,2022-02-02 05:30:00+09:00,35371.9,35401.9,35355.4,35357.9,935
2022-02-01 22:00:00+00:00,2022-02-02 07:00:00+09:00,35341.6,35376.1,35320.1,35372.6,847
2022-02-01 22:30:00+00:00,2022-02-02 07:30:00+09:00,35372.1,35375.2,35349.6,35362.3,520
2022-02-01 23:00:00+00:00,2022-02-02 08:00:00+09:00,35362.8,35404.6,35360.1,35402.6,1359
2022-02-01 23:30:00+00:00,2022-02-02 08:30:00+09:00,35400.6,35404.1,35386.8,35391.4,792
2022-02-02 00:00:00+00:00,2022-02-02 09:00:00+09:00,35389.9,35406.1,35374.6,35382.9,681
2022-02-02 00:30:00+00:00,2022-02-02 09:30:00+09:00,35382.4,35387.8,35370.7,35381.0,630
2022-02-02 01:00:00+00:00,2022-02-02 10:00:00+09:00,35380.5,35398.0,35357.6,35371.4,699
2022-02-02 01:30:00+00:00,2022-02-02 10:30:00+09:00,35371.9,35373.2,35360.9,35372.0,416
2022-02-02 02:00:00+00:00,2022-02-02 11:00:00+09:00,35371.5,35376.5,35363.5,35372.0,342
2022-02-02 02:30:00+00:00,2022-02-02 11:30:00+09:00,35371.5,35383.4,35368.4,35381.5,528
2022-02-02 03:00:00+00:00,2022-02-02 12:00:00+09:00,35381.0,35396.5,35380.0,35385.0,399
2022-02-02 03:30:00+00:00,2022-02-02 12:30:00+09:00,35385.5,35396.0,35381.5,35392.5,371
2022-02-02 04:00:00+00:00,2022-02-02 13:00:00+09:00,35393.5,35404.4,35389.5,35401.5,465
2022-02-02 04:30:00+00:00,2022-02-02 13:30:00+09:00,35401.0,35441.6,35397.5,35411.0,564
2022-02-02 05:00:00+00:00,2022-02-02 14:00:00+09:00,35412.5,35440.0,35408.9,35439.9,638
2022-02-02 05:30:00+00:00,2022-02-02 14:30:00+09:00,35439.4,35455.7,35382.6,35401.6,945
2022-02-02 06:00:00+00:00,2022-02-02 15:00:00+09:00,35401.1,35412.2,35374.1,35408.2,1221
2022-02-02 06:30:00+00:00,2022-02-02 15:30:00+09:00,35407.2,35423.2,35376.2,35388.3,1255
2022-02-02 07:00:00+00:00,2022-02-02 16:00:00+09:00,35389.8,35393.1,35355.1,35361.2,2641
2022-02-02 07:30:00+00:00,2022-02-02 16:30:00+09:00,35360.2,35379.2,35323.7,35342.2,2233
2022-02-02 08:00:00+00:00,2022-02-02 17:00:00+09:00,35343.2,35429.6,35339.1,35397.7,2114
2022-02-02 08:30:00+00:00,2022-02-02 17:30:00+09:00,35396.7,35463.2,35386.2,35451.2,1747
2022-02-02 09:00:00+00:00,2022-02-02 18:00:00+09:00,35452.2,35453.2,35422.1,35445.2,1694
2022-02-02 09:30:00+00:00,2022-02-02 18:30:00+09:00,35444.2,35470.2,35438.3,35447.3,1620
2022-02-02 10:00:00+00:00,2022-02-02 19:00:00+09:00,35446.8,35451.2,35420.2,35426.3,1402
2022-02-02 10:30:00+00:00,2022-02-02 19:30:00+09:00,35424.4,35446.2,35423.2,35442.4,1312
2022-02-02 11:00:00+00:00,2022-02-02 20:00:00+09:00,35441.4,35461.2,35419.7,35434.2,1454
2022-02-02 11:30:00+00:00,2022-02-02 20:30:00+09:00,35433.2,35484.2,35411.3,35473.7,1521
2022-02-02 12:00:00+00:00,2022-02-02 21:00:00+09:00,35471.7,35476.1,35423.2,35433.3,2082
2022-02-02 12:30:00+00:00,2022-02-02 21:30:00+09:00,35433.8,35461.2,35402.7,35404.2,1862
2022-02-02 13:00:00+00:00,2022-02-02 22:00:00+09:00,35404.1,35422.1,35355.2,35365.7,2414
2022-02-02 13:30:00+00:00,2022-02-02 22:30:00+09:00,35368.2,35498.1,35333.6,35357.7,6479
2022-02-02 14:00:00+00:00,2022-02-02 23:00:00+09:00,35361.7,35430.6,35315.2,35325.2,6398
2022-02-02 14:30:00+00:00,2022-02-02 23:30:00+09:00,35327.2,35446.7,35289.2,35411.2,6237
2022-02-02 15:00:00+00:00,2022-02-03 00:00:00+09:00,35411.7,35422.6,35331.6,35375.2,5921
2022-02-02 15:30:00+00:00,2022-02-03 00:30:00+09:00,35374.2,35414.7,35328.2,35389.3,5358
2022-02-02 16:00:00+00:00,2022-02-03 01:00:00+09:00,35390.7,35502.2,35373.2,35460.8,4522
2022-02-02 16:30:00+00:00,2022-02-03 01:30:00+09:00,35461.8,35556.4,35442.2,35554.9,4100
2022-02-02 17:00:00+00:00,2022-02-03 02:00:00+09:00,35553.4,35564.3,35455.7,35483.2,4175
2022-02-02 17:30:00+00:00,2022-02-03 02:30:00+09:00,35482.7,35553.3,35479.2,35546.9,4104
2022-02-02 18:00:00+00:00,2022-02-03 03:00:00+09:00,35547.3,35582.7,35520.7,35557.2,4644
2022-02-02 18:30:00+00:00,2022-02-03 03:30:00+09:00,35558.2,35635.3,35557.2,35600.3,4699
2022-02-02 19:00:00+00:00,2022-02-03 04:00:00+09:00,35601.2,35659.1,35583.2,35628.7,5017
2022-02-02 19:30:00+00:00,2022-02-03 04:30:00+09:00,35629.7,35673.7,35601.2,35610.2,5797
2022-02-02 20:00:00+00:00,2022-02-03 05:00:00+09:00,35610.1,35682.5,35551.1,35681.0,3528
2022-02-02 20:30:00+00:00,2022-02-03 05:30:00+09:00,35678.5,35707.0,35649.0,35688.0,1540
2022-02-02 22:00:00+00:00,2022-02-03 07:00:00+09:00,35686.1,35687.1,35626.6,35629.1,1011
2022-02-02 22:30:00+00:00,2022-02-03 07:30:00+09:00,35628.6,35630.6,35572.1,35578.1,1103
2022-02-02 23:00:00+00:00,2022-02-03 08:00:00+09:00,35577.1,35615.6,35573.6,35600.1,1493
2022-02-02 23:30:00+00:00,2022-02-03 08:30:00+09:00,35599.6,35613.1,35573.6,35578.1,1461
2022-02-03 00:00:00+00:00,2022-02-03 09:00:00+09:00,35578.6,35605.1,35564.1,35570.6,1333
2022-02-03 00:30:00+00:00,2022-02-03 09:30:00+09:00,35570.1,35592.2,35558.2,35561.1,1117
2022-02-03 01:00:00+00:00,2022-02-03 10:00:00+09:00,35559.6,35568.7,35550.2,35564.1,996
2022-02-03 01:30:00+00:00,2022-02-03 10:30:00+09:00,35564.6,35579.5,35559.3,35575.4,765
2022-02-03 02:00:00+00:00,2022-02-03 11:00:00+09:00,35575.9,35593.4,35572.4,35583.5,519
2022-02-03 02:30:00+00:00,2022-02-03 11:30:00+09:00,35582.0,35611.1,35573.9,35603.6,702
2022-02-03 03:00:00+00:00,2022-02-03 12:00:00+09:00,35604.1,35608.1,35595.5,35595.5,577
2022-02-03 03:30:00+00:00,2022-02-03 12:30:00+09:00,35595.0,35604.5,35592.5,35600.5,486
2022-02-03 04:00:00+00:00,2022-02-03 13:00:00+09:00,35601.5,35609.5,35597.9,35600.0,471
2022-02-03 04:30:00+00:00,2022-02-03 13:30:00+09:00,35599.5,35606.5,35589.5,35597.4,443
2022-02-03 05:00:00+00:00,2022-02-03 14:00:00+09:00,35598.4,35598.4,35574.4,35579.3,690
2022-02-03 05:30:00+00:00,2022-02-03 14:30:00+09:00,35579.8,35588.2,35568.2,35570.0,592
2022-02-03 06:00:00+00:00,2022-02-03 15:00:00+09:00,35571.5,35602.4,35565.5,35574.5,1279
2022-02-03 06:30:00+00:00,2022-02-03 15:30:00+09:00,35574.0,35603.4,35566.7,35599.2,1115
2022-02-03 07:00:00+00:00,2022-02-03 16:00:00+09:00,35596.7,35602.2,35560.7,35564.2,2844
2022-02-03 07:30:00+00:00,2022-02-03 16:30:00+09:00,35565.2,35586.8,35564.2,35583.8,1989
2022-02-03 08:00:00+00:00,2022-02-03 17:00:00+09:00,35582.3,35588.7,35542.3,35544.3,1910
2022-02-03 08:30:00+00:00,2022-02-03 17:30:00+09:00,35543.8,35552.9,35469.3,35486.3,1799
2022-02-03 09:00:00+00:00,2022-02-03 18:00:00+09:00,35487.1,35536.8,35477.2,35511.2,1851
2022-02-03 09:30:00+00:00,2022-02-03 18:30:00+09:00,35511.2,35523.8,35474.9,35490.8,1508
2022-02-03 10:00:00+00:00,2022-02-03 19:00:00+09:00,35489.2,35538.7,35474.2,35494.3,1742
2022-02-03 10:30:00+00:00,2022-02-03 19:30:00+09:00,35493.8,35510.7,35451.7,35508.2,1665
2022-02-03 11:00:00+00:00,2022-02-03 20:00:00+09:00,35505.2,35553.7,35489.2,35545.2,2421
2022-02-03 11:30:00+00:00,2022-02-03 20:30:00+09:00,35544.2,35605.3,35520.7,35579.8,2284
2022-02-03 12:00:00+00:00,2022-02-03 21:00:00+09:00,35580.3,35580.3,35533.7,35540.2,2372
2022-02-03 12:30:00+00:00,2022-02-03 21:30:00+09:00,35541.7,35557.3,35459.2,35463.2,3381
2022-02-03 13:00:00+00:00,2022-02-03 22:00:00+09:00,35461.6,35531.2,35444.2,35496.2,3180
2022-02-03 13:30:00+00:00,2022-02-03 22:30:00+09:00,35495.2,35532.7,35261.8,35292.3,6951
2022-02-03 14:00:00+00:00,2022-02-03 23:00:00+09:00,35290.3,35400.7,35281.2,35368.2,6372
2022-02-03 14:30:00+00:00,2022-02-03 23:30:00+09:00,35368.2,35431.8,35355.2,35390.8,6007
2022-02-03 15:00:00+00:00,2022-02-04 00:00:00+09:00,35389.7,35438.7,35350.2,35381.3,5479
2022-02-03 15:30:00+00:00,2022-02-04 00:30:00+09:00,35381.8,35397.8,35314.8,35316.8,5296
2022-02-03 16:00:00+00:00,2022-02-04 01:00:00+09:00,35316.6,35342.7,35269.2,35322.8,5371
2022-02-03 16:30:00+00:00,2022-02-04 01:30:00+09:00,35321.8,35359.7,35261.3,35301.8,5044
2022-02-03 17:00:00+00:00,2022-02-04 02:00:00+09:00,35300.8,35318.8,35243.7,35303.3,4996
2022-02-03 17:30:00+00:00,2022-02-04 02:30:00+09:00,35303.8,35353.3,35303.3,35346.4,4379
2022-02-03 18:00:00+00:00,2022-02-04 03:00:00+09:00,35344.9,35385.7,35287.8,35303.3,4591
2022-02-03 18:30:00+00:00,2022-02-04 03:30:00+09:00,35302.8,35303.8,35176.8,35221.3,5140
2022-02-03 19:00:00+00:00,2022-02-04 04:00:00+09:00,35219.2,35272.7,35164.7,35235.3,5462
2022-02-03 19:30:00+00:00,2022-02-04 04:30:00+09:00,35235.8,35235.8,35065.7,35110.2,6048
2022-02-03 20:00:00+00:00,2022-02-04 05:00:00+09:00,35114.7,35235.0,35094.7,35218.5,4157
2022-02-03 20:30:00+00:00,2022-02-04 05:30:00+09:00,35218.0,35287.0,35211.5,35267.5,1226
2022-02-03 22:00:00+00:00,2022-02-04 07:00:00+09:00,35224.8,35308.3,35224.8,35283.3,1616
2022-02-03 22:30:00+00:00,2022-02-04 07:30:00+09:00,35280.8,35315.3,35276.8,35283.8,1181
2022-02-03 23:00:00+00:00,2022-02-04 08:00:00+09:00,35285.3,35318.3,35271.8,35296.3,1830
2022-02-03 23:30:00+00:00,2022-02-04 08:30:00+09:00,35294.8,35300.3,35264.3,35273.3,1535
2022-02-04 00:00:00+00:00,2022-02-04 09:00:00+09:00,35273.8,35277.3,35215.3,35235.8,1867
2022-02-04 00:30:00+00:00,2022-02-04 09:30:00+09:00,35234.8,35247.8,35183.3,35202.8,1892
2022-02-04 01:00:00+00:00,2022-02-04 10:00:00+09:00,35205.3,35255.9,35199.3,35248.6,1383
2022-02-04 01:30:00+00:00,2022-02-04 10:30:00+09:00,35249.1,35258.0,35237.2,35238.2,989
2022-02-04 02:00:00+00:00,2022-02-04 11:00:00+09:00,35239.2,35263.0,35229.7,35251.1,866
2022-02-04 02:30:00+00:00,2022-02-04 11:30:00+09:00,35249.6,35260.0,35237.9,35256.5,903
2022-02-04 03:00:00+00:00,2022-02-04 12:00:00+09:00,35256.0,35288.0,35255.5,35275.7,960
2022-02-04 03:30:00+00:00,2022-02-04 12:30:00+09:00,35276.7,35296.2,35275.8,35290.2,745
2022-02-04 04:00:00+00:00,2022-02-04 13:00:00+09:00,35289.7,35321.9,35289.7,35298.5,1204
2022-02-04 04:30:00+00:00,2022-02-04 13:30:00+09:00,35300.0,35316.0,35288.2,35311.9,873
2022-02-04 05:00:00+00:00,2022-02-04 14:00:00+09:00,35313.9,35318.7,35296.9,35304.9,855
2022-02-04 05:30:00+00:00,2022-02-04 14:30:00+09:00,35305.4,35330.4,35298.9,35317.4,836
2022-02-04 06:00:00+00:00,2022-02-04 15:00:00+09:00,35316.4,35327.0,35277.0,35284.7,1503
2022-02-04 06:30:00+00:00,2022-02-04 15:30:00+09:00,35284.2,35305.1,35258.0,35280.0,1807
2022-02-04 07:00:00+00:00,2022-02-04 16:00:00+09:00,35277.5,35327.5,35234.0,35235.0,3093
2022-02-04 07:30:00+00:00,2022-02-04 16:30:00+09:00,35236.0,35253.0,35174.0,35204.0,2849
2022-02-04 08:00:00+00:00,2022-02-04 17:00:00+09:00,35204.4,35237.0,35175.0,35202.0,2500
2022-02-04 08:30:00+00:00,2022-02-04 17:30:00+09:00,35201.5,35234.0,35184.6,35186.1,2243
2022-02-04 09:00:00+00:00,2022-02-04 18:00:00+09:00,35186.6,35187.0,35071.0,35076.0,2866
2022-02-04 09:30:00+00:00,2022-02-04 18:30:00+09:00,35077.0,35077.0,35001.1,35048.1,3437
2022-02-04 10:00:00+00:00,2022-02-04 19:00:00+09:00,35045.9,35050.0,34879.0,34956.0,3521
2022-02-04 10:30:00+00:00,2022-02-04 19:30:00+09:00,34955.5,35007.0,34903.0,34903.5,3015
2022-02-04 11:00:00+00:00,2022-02-04 20:00:00+09:00,34906.0,34980.0,34901.9,34980.0,2667
2022-02-04 11:30:00+00:00,2022-02-04 20:30:00+09:00,34979.0,35070.1,34955.0,35035.1,2428
2022-02-04 12:00:00+00:00,2022-02-04 21:00:00+09:00,35037.4,35044.0,34956.0,34978.0,2638
2022-02-04 12:30:00+00:00,2022-02-04 21:30:00+09:00,34978.5,34978.5,34813.1,34922.0,5353
2022-02-04 13:00:00+00:00,2022-02-04 22:00:00+09:00,34921.0,35087.0,34884.0,35039.0,3988
2022-02-04 13:30:00+00:00,2022-02-04 22:30:00+09:00,35047.0,35177.0,35001.5,35040.1,6559
2022-02-04 14:00:00+00:00,2022-02-04 23:00:00+09:00,35047.1,35143.5,34930.5,34935.0,6667
2022-02-04 14:30:00+00:00,2022-02-04 23:30:00+09:00,34937.0,34983.0,34800.1,34834.0,6695
2022-02-04 15:00:00+00:00,2022-02-05 00:00:00+09:00,34834.5,34954.5,34793.5,34924.0,6030
2022-02-04 15:30:00+00:00,2022-02-05 00:30:00+09:00,34921.0,35056.1,34913.0,34994.1,5546
2022-02-04 16:00:00+00:00,2022-02-05 01:00:00+09:00,34994.9,35063.0,34972.5,35048.0,4962
2022-02-04 16:30:00+00:00,2022-02-05 01:30:00+09:00,35050.0,35087.1,35013.5,35079.6,4429
2022-02-04 17:00:00+00:00,2022-02-05 02:00:00+09:00,35080.1,35185.0,35080.0,35132.6,4540
2022-02-04 17:30:00+00:00,2022-02-05 02:30:00+09:00,35134.6,35203.0,35122.1,35170.1,4610
2022-02-04 18:00:00+00:00,2022-02-05 03:00:00+09:00,35170.6,35182.0,35106.0,35152.6,3858
2022-02-04 18:30:00+00:00,2022-02-05 03:30:00+09:00,35153.1,35221.1,35144.1,35216.1,4238
2022-02-04 19:00:00+00:00,2022-02-05 04:00:00+09:00,35218.1,35329.5,35213.0,35292.6,4745
2022-02-04 19:30:00+00:00,2022-02-05 04:30:00+09:00,35293.6,35331.0,35083.0,35092.5,5733
2022-02-04 20:00:00+00:00,2022-02-05 05:00:00+09:00,35087.0,35117.0,35035.5,35055.3,1909
2022-02-04 20:30:00+00:00,2022-02-05 05:30:00+09:00,35054.3,35062.8,35039.8,35050.9,451
2022-02-06 22:00:00+00:00,2022-02-07 07:00:00+09:00,35127.5,35154.5,35087.5,35117.0,1508
2022-02-06 22:30:00+00:00,2022-02-07 07:30:00+09:00,35116.5,35141.5,35116.5,35133.6,816
2022-02-06 23:00:00+00:00,2022-02-07 08:00:00+09:00,35132.6,35138.5,35008.0,35062.0,2273
2022-02-06 23:30:00+00:00,2022-02-07 08:30:00+09:00,35060.5,35069.5,35014.5,35053.5,1875
2022-02-07 00:00:00+00:00,2022-02-07 09:00:00+09:00,35056.5,35091.0,35010.5,35050.5,2469
2022-02-07 00:30:00+00:00,2022-02-07 09:30:00+09:00,35049.5,35066.5,35003.0,35015.5,2055
2022-02-07 01:00:00+00:00,2022-02-07 10:00:00+09:00,35016.0,35038.5,34989.0,35000.0,1822
2022-02-07 01:30:00+00:00,2022-02-07 10:30:00+09:00,34999.5,35004.5,34933.0,34972.0,1753
2022-02-07 02:00:00+00:00,2022-02-07 11:00:00+09:00,34972.5,35005.0,34969.0,34996.5,983
2022-02-07 02:30:00+00:00,2022-02-07 11:30:00+09:00,34995.5,35041.5,34992.0,35023.0,1331
2022-02-07 03:00:00+00:00,2022-02-07 12:00:00+09:00,35022.5,35090.5,35022.0,35081.1,1142
2022-02-07 03:30:00+00:00,2022-02-07 12:30:00+09:00,35083.1,35114.2,35083.1,35092.7,921
2022-02-07 04:00:00+00:00,2022-02-07 13:00:00+09:00,35093.2,35100.6,35051.0,35054.5,1241
2022-02-07 04:30:00+00:00,2022-02-07 13:30:00+09:00,35053.5,35081.5,35051.0,35075.5,1184
2022-02-07 05:00:00+00:00,2022-02-07 14:00:00+09:00,35077.5,35094.5,35044.5,35057.5,1236
2022-02-07 05:30:00+00:00,2022-02-07 14:30:00+09:00,35058.0,35096.5,35033.0,35092.5,1137
2022-02-07 06:00:00+00:00,2022-02-07 15:00:00+09:00,35094.5,35155.1,35086.6,35121.1,1604
2022-02-07 06:30:00+00:00,2022-02-07 15:30:00+09:00,35120.1,35129.6,35063.6,35104.1,1644
2022-02-07 07:00:00+00:00,2022-02-07 16:00:00+09:00,35104.6,35128.1,34943.6,34956.1,4286
2022-02-07 07:30:00+00:00,2022-02-07 16:30:00+09:00,34953.1,35058.1,34939.6,35035.1,3558
2022-02-07 08:00:00+00:00,2022-02-07 17:00:00+09:00,35035.0,35082.1,34996.6,35020.1,3243
2022-02-07 08:30:00+00:00,2022-02-07 17:30:00+09:00,35021.1,35026.1,34937.2,34992.2,3296
2022-02-07 09:00:00+00:00,2022-02-07 18:00:00+09:00,34991.2,35037.1,34991.2,35010.1,2470
2022-02-07 09:30:00+00:00,2022-02-07 18:30:00+09:00,35009.6,35042.6,34975.2,34984.2,2556
2022-02-07 10:00:00+00:00,2022-02-07 19:00:00+09:00,34983.7,35046.6,34958.1,35032.6,2498
2022-02-07 10:30:00+00:00,2022-02-07 19:30:00+09:00,35032.1,35056.7,35011.2,35036.1,2093
2022-02-07 11:00:00+00:00,2022-02-07 20:00:00+09:00,35036.0,35144.1,35036.0,35087.1,2324
2022-02-07 11:30:00+00:00,2022-02-07 20:30:00+09:00,35087.6,35140.2,35084.6,35115.7,1965
2022-02-07 12:00:00+00:00,2022-02-07 21:00:00+09:00,35114.2,35175.6,35103.6,35150.6,2580
2022-02-07 12:30:00+00:00,2022-02-07 21:30:00+09:00,35149.1,35153.2,35113.6,35147.7,1881
2022-02-07 13:00:00+00:00,2022-02-07 22:00:00+09:00,35147.2,35158.2,35108.1,35131.6,1934
2022-02-07 13:30:00+00:00,2022-02-07 22:30:00+09:00,35139.1,35161.6,34998.1,35067.2,6833
2022-02-07 14:00:00+00:00,2022-02-07 23:00:00+09:00,35066.2,35136.6,35023.6,35130.6,6105
2022-02-07 14:30:00+00:00,2022-02-07 23:30:00+09:00,35129.6,35222.6,35108.6,35162.2,4855
2022-02-07 15:00:00+00:00,2022-02-08 00:00:00+09:00,35157.2,35180.7,35092.1,35149.2,4273
2022-02-07 15:30:00+00:00,2022-02-08 00:30:00+09:00,35150.2,35151.2,35015.1,35101.2,4161
2022-02-07 16:00:00+00:00,2022-02-08 01:00:00+09:00,35100.2,35106.1,35012.1,35021.2,3828
2022-02-07 16:30:00+00:00,2022-02-08 01:30:00+09:00,35020.2,35072.2,34989.7,35049.3,3779
2022-02-07 17:00:00+00:00,2022-02-08 02:00:00+09:00,35050.2,35174.2,35038.6,35168.2,3475
2022-02-07 17:30:00+00:00,2022-02-08 02:30:00+09:00,35169.2,35217.3,35148.2,35203.7,3067
2022-02-07 18:00:00+00:00,2022-02-08 03:00:00+09:00,35204.2,35272.7,35172.7,35272.2,3250
2022-02-07 18:30:00+00:00,2022-02-08 03:30:00+09:00,35271.2,35289.3,35247.7,35270.8,3343
2022-02-07 19:00:00+00:00,2022-02-08 04:00:00+09:00,35270.3,35325.6,35205.1,35214.1,4016
2022-02-07 19:30:00+00:00,2022-02-08 04:30:00+09:00,35215.1,35239.1,35001.1,35094.1,5575
2022-02-07 20:00:00+00:00,2022-02-08 05:00:00+09:00,35095.1,35162.6,35094.0,35135.9,1632
2022-02-07 20:30:00+00:00,2022-02-08 05:30:00+09:00,35135.4,35148.4,35125.4,35130.4,391
2022-02-07 22:00:00+00:00,2022-02-08 07:00:00+09:00,35129.6,35147.1,35111.6,35136.1,561
2022-02-07 22:30:00+00:00,2022-02-08 07:30:00+09:00,35137.1,35146.6,35121.1,35139.6,513
2022-02-07 23:00:00+00:00,2022-02-08 08:00:00+09:00,35140.1,35155.6,35109.1,35115.6,1396
2022-02-07 23:30:00+00:00,2022-02-08 08:30:00+09:00,35116.1,35141.6,35116.1,35132.3,724
2022-02-08 00:00:00+00:00,2022-02-08 09:00:00+09:00,35133.3,35133.3,35095.6,35107.1,1088
2022-02-08 00:30:00+00:00,2022-02-08 09:30:00+09:00,35106.6,35124.1,35088.1,35100.6,1511
2022-02-08 01:00:00+00:00,2022-02-08 10:00:00+09:00,35102.1,35107.6,35051.1,35091.7,963
2022-02-08 01:30:00+00:00,2022-02-08 10:30:00+09:00,35090.7,35114.5,35081.1,35112.5,636
2022-02-08 02:00:00+00:00,2022-02-08 11:00:00+09:00,35112.0,35116.5,35093.0,35109.6,546
2022-02-08 02:30:00+00:00,2022-02-08 11:30:00+09:00,35110.1,35121.6,35085.1,35095.8,661
2022-02-08 03:00:00+00:00,2022-02-08 12:00:00+09:00,35096.8,35097.9,35082.0,35089.5,528
2022-02-08 03:30:00+00:00,2022-02-08 12:30:00+09:00,35090.0,35107.5,35085.5,35106.0,450
2022-02-08 04:00:00+00:00,2022-02-08 13:00:00+09:00,35105.5,35107.7,35062.1,35075.1,809
2022-02-08 04:30:00+00:00,2022-02-08 13:30:00+09:00,35073.6,35078.1,35055.5,35065.6,664
2022-02-08 05:00:00+00:00,2022-02-08 14:00:00+09:00,35065.1,35104.1,35051.6,35096.7,810
2022-02-08 05:30:00+00:00,2022-02-08 14:30:00+09:00,35097.7,35123.6,35091.6,35098.1,798
2022-02-08 06:00:00+00:00,2022-02-08 15:00:00+09:00,35096.1,35141.3,35082.6,35099.2,1272
2022-02-08 06:30:00+00:00,2022-02-08 15:30:00+09:00,35098.2,35098.7,35061.1,35075.7,1631
2022-02-08 07:00:00+00:00,2022-02-08 16:00:00+09:00,35076.2,35165.6,35060.1,35164.7,3180
2022-02-08 07:30:00+00:00,2022-02-08 16:30:00+09:00,35164.2,35186.7,35146.2,35161.2,2635
2022-02-08 08:00:00+00:00,2022-02-08 17:00:00+09:00,35160.2,35214.1,35159.6,35200.2,2102
2022-02-08 08:30:00+00:00,2022-02-08 17:30:00+09:00,35199.2,35250.7,35157.2,35165.2,2207
2022-02-08 09:00:00+00:00,2022-02-08 18:00:00+09:00,35162.7,35168.6,35108.6,35125.1,2368
2022-02-08 09:30:00+00:00,2022-02-08 18:30:00+09:00,35126.1,35161.2,35120.6,35138.4,1687
2022-02-08 10:00:00+00:00,2022-02-08 19:00:00+09:00,35139.4,35147.2,35088.7,35098.2,2064
2022-02-08 10:30:00+00:00,2022-02-08 19:30:00+09:00,35097.2,35116.2,35063.2,35100.2,2542
2022-02-08 11:00:00+00:00,2022-02-08 20:00:00+09:00,35098.2,35116.1,35060.1,35088.6,2733
2022-02-08 11:30:00+00:00,2022-02-08 20:30:00+09:00,35087.1,35107.7,35076.2,35100.2,2132
2022-02-08 12:00:00+00:00,2022-02-08 21:00:00+09:00,35100.7,35145.6,35097.6,35135.3,2244
2022-02-08 12:30:00+00:00,2022-02-08 21:30:00+09:00,35136.3,35174.2,35120.2,35164.2,2077
2022-02-08 13:00:00+00:00,2022-02-08 22:00:00+09:00,35163.7,35184.1,35152.6,35165.2,2215
2022-02-08 13:30:00+00:00,2022-02-08 22:30:00+09:00,35170.2,35221.7,35146.2,35172.7,6790
2022-02-08 14:00:00+00:00,2022-02-08 23:00:00+09:00,35170.2,35223.5,35082.9,35189.5,6293
2022-02-08 14:30:00+00:00,2022-02-08 23:30:00+09:00,35191.0,35242.0,35148.5,35219.0,5552
2022-02-08 15:00:00+00:00,2022-02-09 00:00:00+09:00,35218.5,35321.5,35215.4,35298.6,4910
2022-02-08 15:30:00+00:00,2022-02-09 00:30:00+09:00,35298.1,35409.1,35298.1,35395.1,4609
2022-02-08 16:00:00+00:00,2022-02-09 01:00:00+09:00,35399.1,35419.5,35355.1,35385.6,3768
2022-02-08 16:30:00+00:00,2022-02-09 01:30:00+09:00,35386.1,35455.1,35385.6,35429.5,3428
2022-02-08 17:00:00+00:00,2022-02-09 02:00:00+09:00,35430.1,35446.7,35393.1,35408.0,3590
2022-02-08 17:30:00+00:00,2022-02-09 02:30:00+09:00,35408.5,35460.5,35405.5,35455.1,3789
2022-02-08 18:00:00+00:00,2022-02-09 03:00:00+09:00,35455.6,35464.6,35339.5,35353.5,3993
2022-02-08 18:30:00+00:00,2022-02-09 03:30:00+09:00,35353.0,35378.0,35279.6,35323.1,4659
2022-02-08 19:00:00+00:00,2022-02-09 04:00:00+09:00,35324.1,35472.4,35290.5,35430.5,5316
2022-02-08 19:30:00+00:00,2022-02-09 04:30:00+09:00,35430.0,35545.5,35419.0,35465.0,5584
2022-02-08 20:00:00+00:00,2022-02-09 05:00:00+09:00,35462.0,35521.1,35455.9,35500.8,1259
2022-02-08 20:30:00+00:00,2022-02-09 05:30:00+09:00,35499.3,35506.3,35490.8,35494.9,408
2022-02-08 22:00:00+00:00,2022-02-09 07:00:00+09:00,35507.5,35541.8,35493.9,35528.2,719
2022-02-08 22:30:00+00:00,2022-02-09 07:30:00+09:00,35528.7,35539.8,35512.0,35535.0,539
2022-02-08 23:00:00+00:00,2022-02-09 08:00:00+09:00,35537.5,35551.7,35508.9,35509.9,790
2022-02-08 23:30:00+00:00,2022-02-09 08:30:00+09:00,35507.4,35519.0,35494.3,35502.0,917
2022-02-09 00:00:00+00:00,2022-02-09 09:00:00+09:00,35500.5,35512.8,35488.2,35508.9,1083
2022-02-09 00:30:00+00:00,2022-02-09 09:30:00+09:00,35508.4,35541.2,35505.7,35510.1,1338
2022-02-09 01:00:00+00:00,2022-02-09 10:00:00+09:00,35510.6,35518.8,35504.8,35507.1,730
2022-02-09 01:30:00+00:00,2022-02-09 10:30:00+09:00,35508.1,35515.1,35500.9,35514.6,618
2022-02-09 02:00:00+00:00,2022-02-09 11:00:00+09:00,35514.1,35534.6,35514.1,35533.1,524
2022-02-09 02:30:00+00:00,2022-02-09 11:30:00+09:00,35534.1,35569.2,35532.1,35559.1,743
2022-02-09 03:00:00+00:00,2022-02-09 12:00:00+09:00,35558.6,35589.7,35557.1,35573.5,713
2022-02-09 03:30:00+00:00,2022-02-09 12:30:00+09:00,35573.0,35604.1,35564.5,35601.1,615
2022-02-09 04:00:00+00:00,2022-02-09 13:00:00+09:00,35602.1,35612.1,35593.0,35603.0,858
2022-02-09 04:30:00+00:00,2022-02-09 13:30:00+09:00,35602.0,35623.0,35585.8,35585.8,806
2022-02-09 05:00:00+00:00,2022-02-09 14:00:00+09:00,35586.8,35596.9,35574.3,35578.9,851
2022-02-09 05:30:00+00:00,2022-02-09 14:30:00+09:00,35578.4,35597.0,35567.0,35567.0,764
2022-02-09 06:00:00+00:00,2022-02-09 15:00:00+09:00,35565.0,35585.3,35549.8,35565.8,1404
2022-02-09 06:30:00+00:00,2022-02-09 15:30:00+09:00,35566.3,35570.9,35519.8,35543.0,1580
2022-02-09 07:00:00+00:00,2022-02-09 16:00:00+09:00,35541.0,35564.3,35523.8,35542.8,2871
2022-02-09 07:30:00+00:00,2022-02-09 16:30:00+09:00,35543.8,35661.8,35526.8,35640.8,2671
2022-02-09 08:00:00+00:00,2022-02-09 17:00:00+09:00,35642.7,35674.8,35631.3,35655.9,1875
2022-02-09 08:30:00+00:00,2022-02-09 17:30:00+09:00,35653.9,35671.9,35634.0,35635.9,1221
2022-02-09 09:00:00+00:00,2022-02-09 18:00:00+09:00,35637.3,35678.0,35628.9,35662.8,1464
2022-02-09 09:30:00+00:00,2022-02-09 18:30:00+09:00,35663.3,35676.8,35642.8,35662.0,1240
2022-02-09 10:00:00+00:00,2022-02-09 19:00:00+09:00,35664.0,35667.3,35637.8,35642.6,1292
2022-02-09 10:30:00+00:00,2022-02-09 19:30:00+09:00,35643.1,35661.9,35635.6,35649.2,1106
2022-02-09 11:00:00+00:00,2022-02-09 20:00:00+09:00,35649.7,35683.3,35645.0,35675.1,1455
2022-02-09 11:30:00+00:00,2022-02-09 20:30:00+09:00,35677.6,35683.5,35659.0,35677.0,1227
2022-02-09 12:00:00+00:00,2022-02-09 21:00:00+09:00,35678.0,35715.0,35662.5,35701.1,1662
2022-02-09 12:30:00+00:00,2022-02-09 21:30:00+09:00,35700.6,35712.6,35688.1,35700.5,1193
2022-02-09 13:00:00+00:00,2022-02-09 22:00:00+09:00,35701.5,35749.8,35701.5,35739.3,1480
2022-02-09 13:30:00+00:00,2022-02-09 22:30:00+09:00,35737.8,35761.8,35677.3,35715.9,5895
2022-02-09 14:00:00+00:00,2022-02-09 23:00:00+09:00,35717.4,35773.9,35693.8,35722.8,5560
2022-02-09 14:30:00+00:00,2022-02-09 23:30:00+09:00,35727.8,35808.4,35718.8,35806.9,4633
2022-02-09 15:00:00+00:00,2022-02-10 00:00:00+09:00,35806.4,35814.9,35727.8,35744.9,4028
2022-02-09 15:30:00+00:00,2022-02-10 00:30:00+09:00,35745.9,35754.4,35704.0,35717.0,4365
2022-02-09 16:00:00+00:00,2022-02-10 01:00:00+09:00,35717.5,35735.9,35673.9,35700.5,3870
2022-02-09 16:30:00+00:00,2022-02-10 01:30:00+09:00,35703.0,35715.9,35683.8,35710.8,3584
2022-02-09 17:00:00+00:00,2022-02-10 02:00:00+09:00,35711.9,35735.9,35683.0,35716.0,3333
2022-02-09 17:30:00+00:00,2022-02-10 02:30:00+09:00,35715.5,35749.4,35712.5,35737.5,2954
2022-02-09 18:00:00+00:00,2022-02-10 03:00:00+09:00,35738.5,35782.6,35736.5,35779.6,2512
2022-02-09 18:30:00+00:00,2022-02-10 03:30:00+09:00,35780.6,35809.5,35744.4,35747.4,2482
2022-02-09 19:00:00+00:00,2022-02-10 04:00:00+09:00,35746.9,35753.4,35684.4,35751.9,4037
2022-02-09 19:30:00+00:00,2022-02-10 04:30:00+09:00,35753.9,35805.4,35705.8,35771.3,4820
2022-02-09 20:00:00+00:00,2022-02-10 05:00:00+09:00,35766.3,35867.6,35735.8,35851.6,1759
2022-02-09 20:30:00+00:00,2022-02-10 05:30:00+09:00,35852.1,35857.1,35823.6,35831.7,628
2022-02-09 22:00:00+00:00,2022-02-10 07:00:00+09:00,35826.5,35831.7,35805.8,35814.1,689
2022-02-09 22:30:00+00:00,2022-02-10 07:30:00+09:00,35814.6,35824.6,35791.5,35807.6,697
2022-02-09 23:00:00+00:00,2022-02-10 08:00:00+09:00,35808.6,35821.6,35779.6,35800.8,1351
2022-02-09 23:30:00+00:00,2022-02-10 08:30:00+09:00,35801.3,35808.9,35767.7,35771.2,1205
2022-02-10 00:00:00+00:00,2022-02-10 09:00:00+09:00,35772.7,35773.7,35733.6,35735.6,1379
2022-02-10 00:30:00+00:00,2022-02-10 09:30:00+09:00,35734.6,35739.3,35708.1,35727.7,1361
2022-02-10 01:00:00+00:00,2022-02-10 10:00:00+09:00,35726.7,35727.7,35705.6,35714.6,1042
2022-02-10 01:30:00+00:00,2022-02-10 10:30:00+09:00,35715.1,35739.4,35712.6,35726.5,822
2022-02-10 02:00:00+00:00,2022-02-10 11:00:00+09:00,35726.0,35735.0,35716.0,35735.0,745
2022-02-10 02:30:00+00:00,2022-02-10 11:30:00+09:00,35736.0,35748.5,35729.5,35747.0,565
2022-02-10 03:00:00+00:00,2022-02-10 12:00:00+09:00,35747.5,35755.5,35735.5,35755.0,500
2022-02-10 03:30:00+00:00,2022-02-10 12:30:00+09:00,35755.5,35759.0,35746.5,35751.0,376
2022-02-10 04:00:00+00:00,2022-02-10 13:00:00+09:00,35750.0,35758.0,35747.5,35750.0,472
2022-02-10 04:30:00+00:00,2022-02-10 13:30:00+09:00,35751.0,35771.8,35741.0,35771.8,566
2022-02-10 05:00:00+00:00,2022-02-10 14:00:00+09:00,35771.7,35794.9,35765.2,35789.4,897
2022-02-10 05:30:00+00:00,2022-02-10 14:30:00+09:00,35789.9,35798.8,35777.5,35787.9,647
2022-02-10 06:00:00+00:00,2022-02-10 15:00:00+09:00,35783.9,35785.5,35763.8,35778.4,1014
2022-02-10 06:30:00+00:00,2022-02-10 15:30:00+09:00,35778.9,35810.9,35768.9,35809.8,953
2022-02-10 07:00:00+00:00,2022-02-10 16:00:00+09:00,35811.3,35837.2,35777.7,35788.7,3075
2022-02-10 07:30:00+00:00,2022-02-10 16:30:00+09:00,35787.7,35798.7,35749.3,35755.2,2557
2022-02-10 08:00:00+00:00,2022-02-10 17:00:00+09:00,35754.7,35782.8,35737.2,35782.8,2125
2022-02-10 08:30:00+00:00,2022-02-10 17:30:00+09:00,35783.8,35793.4,35749.0,35764.4,1662
2022-02-10 09:00:00+00:00,2022-02-10 18:00:00+09:00,35763.9,35768.8,35738.7,35760.9,1554
2022-02-10 09:30:00+00:00,2022-02-10 18:30:00+09:00,35761.4,35801.9,35758.4,35800.9,1135
2022-02-10 10:00:00+00:00,2022-02-10 19:00:00+09:00,35801.0,35819.5,35791.8,35801.4,1389
2022-02-10 10:30:00+00:00,2022-02-10 19:30:00+09:00,35801.9,35810.9,35770.7,35780.7,1334
2022-02-10 11:00:00+00:00,2022-02-10 20:00:00+09:00,35781.2,35830.2,35775.7,35816.5,1378
2022-02-10 11:30:00+00:00,2022-02-10 20:30:00+09:00,35817.0,35819.0,35802.8,35810.8,1146
2022-02-10 12:00:00+00:00,2022-02-10 21:00:00+09:00,35813.3,35858.2,35805.4,35820.3,1801
2022-02-10 12:30:00+00:00,2022-02-10 21:30:00+09:00,35820.8,35820.8,35577.2,35607.7,5594
2022-02-10 13:00:00+00:00,2022-02-10 22:00:00+09:00,35608.2,35608.2,35453.2,35473.7,4775
2022-02-10 13:30:00+00:00,2022-02-10 22:30:00+09:00,35471.2,35705.2,35467.7,35660.3,6999
2022-02-10 14:00:00+00:00,2022-02-10 23:00:00+09:00,35660.8,35782.7,35660.8,35692.8,5980
2022-02-10 14:30:00+00:00,2022-02-10 23:30:00+09:00,35691.8,35801.9,35619.3,35649.8,5565
2022-02-10 15:00:00+00:00,2022-02-11 00:00:00+09:00,35650.3,35691.3,35587.8,35624.3,5543
2022-02-10 15:30:00+00:00,2022-02-11 00:30:00+09:00,35625.3,35704.4,35587.4,35697.4,4647
2022-02-10 16:00:00+00:00,2022-02-11 01:00:00+09:00,35696.4,35718.9,35650.3,35711.9,4500
2022-02-10 16:30:00+00:00,2022-02-11 01:30:00+09:00,35711.4,35737.9,35483.4,35527.9,5774
2022-02-10 17:00:00+00:00,2022-02-11 02:00:00+09:00,35526.9,35563.3,35375.8,35378.8,5948
2022-02-10 17:30:00+00:00,2022-02-11 02:30:00+09:00,35378.3,35403.3,35280.3,35391.8,6206
2022-02-10 18:00:00+00:00,2022-02-11 03:00:00+09:00,35390.8,35405.2,35220.3,35302.8,6173
2022-02-10 18:30:00+00:00,2022-02-11 03:30:00+09:00,35303.3,35359.8,35225.4,35251.4,5946
2022-02-10 19:00:00+00:00,2022-02-11 04:00:00+09:00,35250.9,35350.3,35204.3,35264.8,6155
2022-02-10 19:30:00+00:00,2022-02-11 04:30:00+09:00,35263.8,35282.3,35098.8,35249.3,6617
2022-02-10 20:00:00+00:00,2022-02-11 05:00:00+09:00,35246.8,35249.7,35159.6,35187.6,1898
2022-02-10 20:30:00+00:00,2022-02-11 05:30:00+09:00,35190.1,35235.6,35179.6,35229.1,974
2022-02-10 22:00:00+00:00,2022-02-11 07:00:00+09:00,35240.7,35247.2,35189.7,35200.7,1338
2022-02-10 22:30:00+00:00,2022-02-11 07:30:00+09:00,35200.2,35203.2,35153.2,35163.2,1281
2022-02-10 23:00:00+00:00,2022-02-11 08:00:00+09:00,35163.7,35164.7,35074.2,35087.2,2005
2022-02-10 23:30:00+00:00,2022-02-11 08:30:00+09:00,35084.2,35116.7,35082.2,35108.7,1609
2022-02-11 00:00:00+00:00,2022-02-11 09:00:00+09:00,35110.2,35134.7,35062.2,35127.7,2086
2022-02-11 00:30:00+00:00,2022-02-11 09:30:00+09:00,35127.2,35160.2,35111.2,35125.2,2099
2022-02-11 01:00:00+00:00,2022-02-11 10:00:00+09:00,35124.2,35129.7,35073.7,35096.2,1969
2022-02-11 01:30:00+00:00,2022-02-11 10:30:00+09:00,35095.7,35133.2,35078.7,35128.7,1392
2022-02-11 02:00:00+00:00,2022-02-11 11:00:00+09:00,35129.2,35129.2,35078.7,35110.2,1247
2022-02-11 02:30:00+00:00,2022-02-11 11:30:00+09:00,35111.2,35119.2,35077.2,35114.2,1302
2022-02-11 03:00:00+00:00,2022-02-11 12:00:00+09:00,35114.7,35120.2,35079.5,35081.5,1024
2022-02-11 03:30:00+00:00,2022-02-11 12:30:00+09:00,35079.5,35090.4,35013.2,35032.2,1650
2022-02-11 04:00:00+00:00,2022-02-11 13:00:00+09:00,35033.2,35042.2,34989.7,34995.2,1536
2022-02-11 04:30:00+00:00,2022-02-11 13:30:00+09:00,34995.7,35031.7,34963.7,35006.2,1689
2022-02-11 05:00:00+00:00,2022-02-11 14:00:00+09:00,35005.2,35034.7,34995.7,35027.7,1648
2022-02-11 05:30:00+00:00,2022-02-11 14:30:00+09:00,35028.2,35060.7,34980.2,35055.2,1415
2022-02-11 06:00:00+00:00,2022-02-11 15:00:00+09:00,35056.2,35148.8,35053.3,35081.3,2588
2022-02-11 06:30:00+00:00,2022-02-11 15:30:00+09:00,35082.3,35125.3,35080.4,35116.3,2028
2022-02-11 07:00:00+00:00,2022-02-11 16:00:00+09:00,35108.3,35204.8,35079.8,35157.3,4021
2022-02-11 07:30:00+00:00,2022-02-11 16:30:00+09:00,35158.3,35190.3,35071.4,35079.3,3679
2022-02-11 08:00:00+00:00,2022-02-11 17:00:00+09:00,35079.2,35137.3,35073.3,35105.3,2659
2022-02-11 08:30:00+00:00,2022-02-11 17:30:00+09:00,35104.8,35105.3,35049.8,35097.9,2780
2022-02-11 09:00:00+00:00,2022-02-11 18:00:00+09:00,35098.4,35113.3,35090.3,35103.3,1886
2022-02-11 09:30:00+00:00,2022-02-11 18:30:00+09:00,35104.3,35148.4,35090.3,35132.9,2005
2022-02-11 10:00:00+00:00,2022-02-11 19:00:00+09:00,35132.4,35135.8,35075.3,35110.3,1846
2022-02-11 10:30:00+00:00,2022-02-11 19:30:00+09:00,35109.3,35121.3,35078.3,35099.4,2035
2022-02-11 11:00:00+00:00,2022-02-11 20:00:00+09:00,35099.9,35228.3,35091.8,35218.8,2717
2022-02-11 11:30:00+00:00,2022-02-11 20:30:00+09:00,35216.8,35243.3,35162.4,35177.4,2205
2022-02-11 12:00:00+00:00,2022-02-11 21:00:00+09:00,35178.9,35250.8,35155.8,35227.8,2560
2022-02-11 12:30:00+00:00,2022-02-11 21:30:00+09:00,35227.3,35301.8,35225.3,35276.3,2338
2022-02-11 13:00:00+00:00,2022-02-11 22:00:00+09:00,35277.3,35297.8,35220.8,35246.3,2249
2022-02-11 13:30:00+00:00,2022-02-11 22:30:00+09:00,35235.3,35436.8,35210.3,35311.4,6824
2022-02-11 14:00:00+00:00,2022-02-11 23:00:00+09:00,35313.7,35408.4,35265.4,35379.4,6768
2022-02-11 14:30:00+00:00,2022-02-11 23:30:00+09:00,35378.4,35417.4,35320.5,35345.9,6202
2022-02-11 15:00:00+00:00,2022-02-12 00:00:00+09:00,35344.9,35406.4,35240.4,35258.4,5970
2022-02-11 15:30:00+00:00,2022-02-12 00:30:00+09:00,35260.4,35285.4,35166.4,35240.5,5960
2022-02-11 16:00:00+00:00,2022-02-12 01:00:00+09:00,35239.0,35288.9,35197.4,35235.0,5220
2022-02-11 16:30:00+00:00,2022-02-12 01:30:00+09:00,35235.5,35259.9,35127.5,35156.5,5165
2022-02-11 17:00:00+00:00,2022-02-12 02:00:00+09:00,35155.5,35233.4,35084.9,35086.4,4903
2022-02-11 17:30:00+00:00,2022-02-12 02:30:00+09:00,35084.9,35093.4,34737.9,34786.9,7167
2022-02-11 18:00:00+00:00,2022-02-12 03:00:00+09:00,34778.8,34982.4,34700.9,34796.9,7164
2022-02-11 18:30:00+00:00,2022-02-12 03:30:00+09:00,34797.9,34931.9,34676.0,34783.0,6823
2022-02-11 19:00:00+00:00,2022-02-12 04:00:00+09:00,34784.0,34907.9,34708.9,34784.9,6767
2022-02-11 19:30:00+00:00,2022-02-12 04:30:00+09:00,34780.9,34858.9,34619.4,34723.4,6740
2022-02-11 20:00:00+00:00,2022-02-12 05:00:00+09:00,34724.4,34814.2,34678.4,34813.2,2136
2022-02-11 20:30:00+00:00,2022-02-12 05:30:00+09:00,34812.7,34834.2,34788.2,34798.2,903
2022-02-13 22:00:00+00:00,2022-02-14 07:00:00+09:00,34744.2,34772.2,34681.2,34721.7,2504
2022-02-13 22:30:00+00:00,2022-02-14 07:30:00+09:00,34720.2,34827.2,34717.7,34802.7,1862
2022-02-13 23:00:00+00:00,2022-02-14 08:00:00+09:00,34803.7,34841.7,34780.4,34784.9,2606
2022-02-13 23:30:00+00:00,2022-02-14 08:30:00+09:00,34783.9,34806.9,34724.9,34797.4,2591
2022-02-14 00:00:00+00:00,2022-02-14 09:00:00+09:00,34807.4,34816.4,34756.4,34758.9,2957
2022-02-14 00:30:00+00:00,2022-02-14 09:30:00+09:00,34759.4,34774.9,34709.4,34726.9,3119
2022-02-14 01:00:00+00:00,2022-02-14 10:00:00+09:00,34726.4,34738.4,34706.4,34717.4,2074
2022-02-14 01:30:00+00:00,2022-02-14 10:30:00+09:00,34722.4,34778.4,34719.4,34756.4,2149
2022-02-14 02:00:00+00:00,2022-02-14 11:00:00+09:00,34756.9,34789.4,34735.4,34775.4,1778
2022-02-14 02:30:00+00:00,2022-02-14 11:30:00+09:00,34776.4,34809.4,34774.4,34802.4,1760
2022-02-14 03:00:00+00:00,2022-02-14 12:00:00+09:00,34802.9,34807.4,34783.9,34800.7,1138
2022-02-14 03:30:00+00:00,2022-02-14 12:30:00+09:00,34798.7,34809.1,34779.9,34800.6,976
2022-02-14 04:00:00+00:00,2022-02-14 13:00:00+09:00,34799.6,34827.9,34785.9,34803.4,1441
2022-02-14 04:30:00+00:00,2022-02-14 13:30:00+09:00,34802.4,34809.4,34769.9,34780.9,1427
2022-02-14 05:00:00+00:00,2022-02-14 14:00:00+09:00,34783.9,34794.4,34771.4,34779.9,1474
2022-02-14 05:30:00+00:00,2022-02-14 14:30:00+09:00,34780.4,34780.4,34726.4,34777.9,1468
2022-02-14 06:00:00+00:00,2022-02-14 15:00:00+09:00,34777.4,34779.5,34693.0,34733.5,2766
2022-02-14 06:30:00+00:00,2022-02-14 15:30:00+09:00,34733.0,34845.5,34719.5,34792.5,2825
2022-02-14 07:00:00+00:00,2022-02-14 16:00:00+09:00,34788.0,34795.5,34510.5,34510.5,5334
2022-02-14 07:30:00+00:00,2022-02-14 16:30:00+09:00,34511.5,34552.6,34418.5,34444.5,5423
2022-02-14 08:00:00+00:00,2022-02-14 17:00:00+09:00,34442.4,34529.5,34386.5,34490.5,4847
2022-02-14 08:30:00+00:00,2022-02-14 17:30:00+09:00,34490.0,34516.5,34392.1,34405.6,3858
2022-02-14 09:00:00+00:00,2022-02-14 18:00:00+09:00,34406.4,34485.0,34339.5,34458.5,3854
2022-02-14 09:30:00+00:00,2022-02-14 18:30:00+09:00,34459.5,34547.6,34438.5,34487.6,3298
2022-02-14 10:00:00+00:00,2022-02-14 19:00:00+09:00,34488.1,34516.5,34443.5,34497.5,3191
2022-02-14 10:30:00+00:00,2022-02-14 19:30:00+09:00,34496.5,34527.5,34465.5,34501.0,2783
2022-02-14 11:00:00+00:00,2022-02-14 20:00:00+09:00,34502.5,34516.4,34434.5,34499.5,3282
2022-02-14 11:30:00+00:00,2022-02-14 20:30:00+09:00,34500.5,34815.0,34492.5,34703.6,5383
2022-02-14 12:00:00+00:00,2022-02-14 21:00:00+09:00,34707.6,34763.5,34675.0,34749.5,4571
2022-02-14 12:30:00+00:00,2022-02-14 21:30:00+09:00,34750.5,34753.0,34605.0,34651.5,4165
2022-02-14 13:00:00+00:00,2022-02-14 22:00:00+09:00,34650.5,34727.5,34630.5,34656.5,3460
2022-02-14 13:30:00+00:00,2022-02-14 22:30:00+09:00,34658.5,34734.0,34484.5,34568.6,6791
2022-02-14 14:00:00+00:00,2022-02-14 23:00:00+09:00,34565.1,34567.4,34364.5,34456.0,7002
2022-02-14 14:30:00+00:00,2022-02-14 23:30:00+09:00,34455.5,34483.5,34357.5,34380.5,6799
2022-02-14 15:00:00+00:00,2022-02-15 00:00:00+09:00,34383.0,34527.5,34361.5,34499.0,6511
2022-02-14 15:30:00+00:00,2022-02-15 00:30:00+09:00,34501.0,34615.6,34463.1,34593.7,6177
2022-02-14 16:00:00+00:00,2022-02-15 01:00:00+09:00,34592.7,34653.6,34546.1,34651.1,5184
2022-02-14 16:30:00+00:00,2022-02-15 01:30:00+09:00,34649.6,34701.2,34616.1,34674.2,5051
2022-02-14 17:00:00+00:00,2022-02-15 02:00:00+09:00,34674.7,34729.6,34598.1,34608.2,5072
2022-02-14 17:30:00+00:00,2022-02-15 02:30:00+09:00,34607.7,34614.2,34344.1,34367.1,5832
2022-02-14 18:00:00+00:00,2022-02-15 03:00:00+09:00,34368.1,34529.6,34300.1,34415.6,6016
2022-02-14 18:30:00+00:00,2022-02-15 03:30:00+09:00,34409.6,34532.2,34363.1,34475.2,6235
2022-02-14 19:00:00+00:00,2022-02-15 04:00:00+09:00,34476.2,34574.1,34403.1,34502.1,6080
2022-02-14 19:30:00+00:00,2022-02-15 04:30:00+09:00,34501.1,34650.6,34486.1,34563.6,6069
2022-02-14 20:00:00+00:00,2022-02-15 05:00:00+09:00,34560.6,34593.4,34549.1,34587.9,1201
2022-02-14 20:30:00+00:00,2022-02-15 05:30:00+09:00,34589.4,34598.5,34552.4,34557.4,482
2022-02-14 22:00:00+00:00,2022-02-15 07:00:00+09:00,34551.2,34590.7,34548.2,34582.9,691
2022-02-14 22:30:00+00:00,2022-02-15 07:30:00+09:00,34583.9,34601.5,34580.7,34600.5,509
2022-02-14 23:00:00+00:00,2022-02-15 08:00:00+09:00,34601.5,34617.2,34525.7,34539.7,1693
2022-02-14 23:30:00+00:00,2022-02-15 08:30:00+09:00,34539.2,34566.2,34501.7,34562.7,1804
2022-02-15 00:00:00+00:00,2022-02-15 09:00:00+09:00,34565.7,34581.7,34540.7,34574.2,1944
2022-02-15 00:30:00+00:00,2022-02-15 09:30:00+09:00,34573.2,34579.2,34524.7,34577.2,2493
2022-02-15 01:00:00+00:00,2022-02-15 10:00:00+09:00,34574.2,34618.7,34568.7,34613.7,1603
2022-02-15 01:30:00+00:00,2022-02-15 10:30:00+09:00,34615.7,34632.9,34607.2,34618.0,999
2022-02-15 02:00:00+00:00,2022-02-15 11:00:00+09:00,34618.0,34621.5,34583.2,34583.7,954
2022-02-15 02:30:00+00:00,2022-02-15 11:30:00+09:00,34582.7,34583.2,34551.7,34559.2,1451
2022-02-15 03:00:00+00:00,2022-02-15 12:00:00+09:00,34560.2,34567.7,34527.7,34535.2,1120
2022-02-15 03:30:00+00:00,2022-02-15 12:30:00+09:00,34534.7,34549.2,34526.7,34547.8,1089
2022-02-15 04:00:00+00:00,2022-02-15 13:00:00+09:00,34546.8,34547.8,34431.7,34497.2,2402
2022-02-15 04:30:00+00:00,2022-02-15 13:30:00+09:00,34496.7,34510.7,34468.7,34476.7,1685
2022-02-15 05:00:00+00:00,2022-02-15 14:00:00+09:00,34477.7,34522.7,34468.7,34513.7,1716
2022-02-15 05:30:00+00:00,2022-02-15 14:30:00+09:00,34513.2,34513.7,34485.7,34501.7,1284
2022-02-15 06:00:00+00:00,2022-02-15 15:00:00+09:00,34506.7,34547.7,34469.7,34513.8,2231
2022-02-15 06:30:00+00:00,2022-02-15 15:30:00+09:00,34514.8,34522.8,34448.2,34490.8,2299
2022-02-15 07:00:00+00:00,2022-02-15 16:00:00+09:00,34489.8,34797.8,34457.7,34793.3,5453
2022-02-15 07:30:00+00:00,2022-02-15 16:30:00+09:00,34794.8,34936.3,34793.8,34857.8,5032
2022-02-15 08:00:00+00:00,2022-02-15 17:00:00+09:00,34854.8,34911.7,34819.7,34884.8,4116
2022-02-15 08:30:00+00:00,2022-02-15 17:30:00+09:00,34884.3,34897.8,34836.3,34871.8,2773
2022-02-15 09:00:00+00:00,2022-02-15 18:00:00+09:00,34873.3,34920.7,34781.3,34839.7,3385
2022-02-15 09:30:00+00:00,2022-02-15 18:30:00+09:00,34840.7,34899.8,34822.2,34881.8,2875
2022-02-15 10:00:00+00:00,2022-02-15 19:00:00+09:00,34880.8,34965.7,34876.7,34915.8,2467
2022-02-15 10:30:00+00:00,2022-02-15 19:30:00+09:00,34916.3,34970.3,34911.3,34935.8,2347
2022-02-15 11:00:00+00:00,2022-02-15 20:00:00+09:00,34934.8,35008.2,34895.7,34983.7,3163
2022-02-15 11:30:00+00:00,2022-02-15 20:30:00+09:00,34984.2,34984.8,34935.3,34981.4,2492
2022-02-15 12:00:00+00:00,2022-02-15 21:00:00+09:00,34981.2,34989.7,34917.8,34943.3,2043
2022-02-15 12:30:00+00:00,2022-02-15 21:30:00+09:00,34929.3,34934.8,34877.8,34889.3,2682
2022-02-15 13:00:00+00:00,2022-02-15 22:00:00+09:00,34889.7,34898.7,34826.7,34863.3,2432
2022-02-15 13:30:00+00:00,2022-02-15 22:30:00+09:00,34861.3,35052.3,34834.7,34862.8,6659
2022-02-15 14:00:00+00:00,2022-02-15 23:00:00+09:00,34865.8,34985.3,34809.7,34981.8,5608
2022-02-15 14:30:00+00:00,2022-02-15 23:30:00+09:00,34983.8,35030.3,34957.9,35017.3,4309
2022-02-15 15:00:00+00:00,2022-02-16 00:00:00+09:00,35018.8,35037.3,34936.3,34951.8,3880
2022-02-15 15:30:00+00:00,2022-02-16 00:30:00+09:00,34952.8,35021.8,34949.8,35009.4,3937
2022-02-15 16:00:00+00:00,2022-02-16 01:00:00+09:00,35009.9,35030.8,34888.8,34926.3,4101
2022-02-15 16:30:00+00:00,2022-02-16 01:30:00+09:00,34926.8,34940.8,34853.9,34879.9,3945
2022-02-15 17:00:00+00:00,2022-02-16 02:00:00+09:00,34881.9,34977.9,34872.3,34971.9,3289
2022-02-15 17:30:00+00:00,2022-02-16 02:30:00+09:00,34972.9,34989.9,34962.4,34971.9,2604
2022-02-15 18:00:00+00:00,2022-02-16 03:00:00+09:00,34972.9,34980.0,34903.2,34966.9,3350
2022-02-15 18:30:00+00:00,2022-02-16 03:30:00+09:00,34967.4,34983.3,34918.8,34948.9,3334
2022-02-15 19:00:00+00:00,2022-02-16 04:00:00+09:00,34949.4,34981.8,34931.9,34948.4,3476
2022-02-15 19:30:00+00:00,2022-02-16 04:30:00+09:00,34947.9,35005.8,34821.8,34985.8,5308
2022-02-15 20:00:00+00:00,2022-02-16 05:00:00+09:00,34983.8,34989.7,34913.9,34960.6,1455
2022-02-15 20:30:00+00:00,2022-02-16 05:30:00+09:00,34961.1,34967.6,34931.1,34960.1,543
2022-02-15 22:00:00+00:00,2022-02-16 07:00:00+09:00,34944.1,34962.2,34922.7,34928.2,899
2022-02-15 22:30:00+00:00,2022-02-16 07:30:00+09:00,34930.7,34953.2,34907.7,34920.2,1121
2022-02-15 23:00:00+00:00,2022-02-16 08:00:00+09:00,34919.2,34929.2,34901.7,34904.7,1601
2022-02-15 23:30:00+00:00,2022-02-16 08:30:00+09:00,34904.2,34915.7,34898.4,34904.3,937
2022-02-16 00:00:00+00:00,2022-02-16 09:00:00+09:00,34903.8,34918.2,34896.7,34905.7,984
2022-02-16 00:30:00+00:00,2022-02-16 09:30:00+09:00,34905.2,34917.0,34897.2,34916.0,1151
2022-02-16 01:00:00+00:00,2022-02-16 10:00:00+09:00,34916.5,34939.7,34915.5,34928.1,982
2022-02-16 01:30:00+00:00,2022-02-16 10:30:00+09:00,34929.1,34934.0,34913.8,34923.8,888
2022-02-16 02:00:00+00:00,2022-02-16 11:00:00+09:00,34924.3,34934.0,34914.1,34921.6,805
2022-02-16 02:30:00+00:00,2022-02-16 11:30:00+09:00,34921.1,34924.3,34905.6,34922.8,650
2022-02-16 03:00:00+00:00,2022-02-16 12:00:00+09:00,34923.3,34929.1,34915.6,34916.1,380
2022-02-16 03:30:00+00:00,2022-02-16 12:30:00+09:00,34916.6,34940.1,34911.1,34938.0,502
2022-02-16 04:00:00+00:00,2022-02-16 13:00:00+09:00,34939.5,34967.0,34937.5,34946.8,936
2022-02-16 04:30:00+00:00,2022-02-16 13:30:00+09:00,34948.3,34962.0,34946.1,34956.7,977
2022-02-16 05:00:00+00:00,2022-02-16 14:00:00+09:00,34957.2,34968.2,34935.7,34959.4,1001
2022-02-16 05:30:00+00:00,2022-02-16 14:30:00+09:00,34958.4,34975.2,34958.4,34967.1,703
2022-02-16 06:00:00+00:00,2022-02-16 15:00:00+09:00,34965.1,34995.2,34948.4,34957.4,1364
2022-02-16 06:30:00+00:00,2022-02-16 15:30:00+09:00,34955.4,34976.7,34943.3,34969.3,1367
2022-02-16 07:00:00+00:00,2022-02-16 16:00:00+09:00,34969.8,35106.7,34936.2,35083.3,3929
2022-02-16 07:30:00+00:00,2022-02-16 16:30:00+09:00,35083.8,35113.3,35050.3,35090.3,3181
2022-02-16 08:00:00+00:00,2022-02-16 17:00:00+09:00,35092.3,35140.2,34988.2,35025.3,3537
2022-02-16 08:30:00+00:00,2022-02-16 17:30:00+09:00,35025.8,35060.8,34968.3,34981.3,2454
2022-02-16 09:00:00+00:00,2022-02-16 18:00:00+09:00,34980.3,34980.3,34863.2,34901.2,2881
2022-02-16 09:30:00+00:00,2022-02-16 18:30:00+09:00,34900.2,34960.8,34888.7,34948.4,2337
2022-02-16 10:00:00+00:00,2022-02-16 19:00:00+09:00,34946.4,34972.7,34898.8,34924.3,1963
2022-02-16 10:30:00+00:00,2022-02-16 19:30:00+09:00,34923.3,34961.8,34913.3,34941.3,1836
2022-02-16 11:00:00+00:00,2022-02-16 20:00:00+09:00,34938.2,34967.2,34932.2,34958.7,1971
2022-02-16 11:30:00+00:00,2022-02-16 20:30:00+09:00,34959.2,34959.7,34881.8,34917.3,2515
2022-02-16 12:00:00+00:00,2022-02-16 21:00:00+09:00,34916.2,34939.8,34897.2,34915.9,1638
2022-02-16 12:30:00+00:00,2022-02-16 21:30:00+09:00,34916.4,34983.3,34848.3,34867.3,3082
2022-02-16 13:00:00+00:00,2022-02-16 22:00:00+09:00,34866.7,34869.7,34820.7,34840.8,2954
2022-02-16 13:30:00+00:00,2022-02-16 22:30:00+09:00,34842.8,34959.3,34772.3,34790.3,6624
2022-02-16 14:00:00+00:00,2022-02-16 23:00:00+09:00,34779.7,34826.7,34728.2,34795.8,6148
2022-02-16 14:30:00+00:00,2022-02-16 23:30:00+09:00,34793.8,34809.8,34712.8,34722.3,5141
2022-02-16 15:00:00+00:00,2022-02-17 00:00:00+09:00,34723.3,34799.9,34721.8,34794.9,4812
2022-02-16 15:30:00+00:00,2022-02-17 00:30:00+09:00,34793.9,34795.9,34742.9,34764.4,4092
2022-02-16 16:00:00+00:00,2022-02-17 01:00:00+09:00,34763.9,34785.3,34733.9,34735.4,3803
2022-02-16 16:30:00+00:00,2022-02-17 01:30:00+09:00,34735.9,34736.4,34639.7,34703.5,4176
2022-02-16 17:00:00+00:00,2022-02-17 02:00:00+09:00,34704.0,34728.9,34686.3,34707.9,3515
2022-02-16 17:30:00+00:00,2022-02-17 02:30:00+09:00,34708.4,34721.9,34670.3,34704.2,3551
2022-02-16 18:00:00+00:00,2022-02-17 03:00:00+09:00,34705.7,34933.2,34646.7,34923.2,6894
2022-02-16 18:30:00+00:00,2022-02-17 03:30:00+09:00,34919.7,34989.2,34850.3,34949.3,5704
2022-02-16 19:00:00+00:00,2022-02-17 04:00:00+09:00,34952.3,35007.7,34931.7,34988.3,5219
2022-02-16 19:30:00+00:00,2022-02-17 04:30:00+09:00,34988.8,35039.8,34909.8,34940.8,5733
2022-02-16 20:00:00+00:00,2022-02-17 05:00:00+09:00,34941.8,34958.1,34908.2,34941.6,2058
2022-02-16 20:30:00+00:00,2022-02-17 05:30:00+09:00,34940.6,34954.6,34910.6,34918.1,582
2022-02-16 22:00:00+00:00,2022-02-17 07:00:00+09:00,34921.2,34964.2,34910.7,34961.7,785
2022-02-16 22:30:00+00:00,2022-02-17 07:30:00+09:00,34962.7,34977.2,34878.2,34887.2,1564
2022-02-16 23:00:00+00:00,2022-02-17 08:00:00+09:00,34887.7,34891.7,34870.7,34883.2,1529
2022-02-16 23:30:00+00:00,2022-02-17 08:30:00+09:00,34883.7,34905.2,34870.8,34887.2,1253
2022-02-17 00:00:00+00:00,2022-02-17 09:00:00+09:00,34886.7,34915.2,34879.2,34905.2,1335
2022-02-17 00:30:00+00:00,2022-02-17 09:30:00+09:00,34904.7,34906.4,34874.2,34885.2,1637
2022-02-17 01:00:00+00:00,2022-02-17 10:00:00+09:00,34885.7,34921.9,34885.7,34912.6,1366
2022-02-17 01:30:00+00:00,2022-02-17 10:30:00+09:00,34913.6,34921.1,34904.3,34919.6,781
2022-02-17 02:00:00+00:00,2022-02-17 11:00:00+09:00,34920.1,34927.6,34914.1,34921.1,614
2022-02-17 02:30:00+00:00,2022-02-17 11:30:00+09:00,34921.6,34924.6,34798.2,34798.2,1589
2022-02-17 03:00:00+00:00,2022-02-17 12:00:00+09:00,34799.2,34844.2,34730.2,34802.7,4658
2022-02-17 03:30:00+00:00,2022-02-17 12:30:00+09:00,34803.2,34832.2,34760.2,34764.2,2295
2022-02-17 04:00:00+00:00,2022-02-17 13:00:00+09:00,34766.2,34833.7,34753.7,34823.7,2783
2022-02-17 04:30:00+00:00,2022-02-17 13:30:00+09:00,34823.2,34847.2,34791.2,34815.2,2056
2022-02-17 05:00:00+00:00,2022-02-17 14:00:00+09:00,34812.2,34856.2,34769.2,34856.2,1935
2022-02-17 05:30:00+00:00,2022-02-17 14:30:00+09:00,34855.2,34863.7,34767.2,34822.2,1971
2022-02-17 06:00:00+00:00,2022-02-17 15:00:00+09:00,34820.2,34865.3,34814.3,34837.3,2027
2022-02-17 06:30:00+00:00,2022-02-17 15:30:00+09:00,34836.3,34867.9,34825.3,34866.3,1559
2022-02-17 07:00:00+00:00,2022-02-17 16:00:00+09:00,34865.3,34917.3,34721.3,34752.3,4425
2022-02-17 07:30:00+00:00,2022-02-17 16:30:00+09:00,34754.3,34793.3,34700.9,34744.3,4784
2022-02-17 08:00:00+00:00,2022-02-17 17:00:00+09:00,34744.8,34769.3,34712.3,34751.8,3222
2022-02-17 08:30:00+00:00,2022-02-17 17:30:00+09:00,34751.3,34771.4,34698.4,34732.4,2337
2022-02-17 09:00:00+00:00,2022-02-17 18:00:00+09:00,34732.2,34777.3,34715.3,34766.3,2027
2022-02-17 09:30:00+00:00,2022-02-17 18:30:00+09:00,34766.8,34794.4,34762.3,34768.4,1744
2022-02-17 10:00:00+00:00,2022-02-17 19:00:00+09:00,34768.2,34776.8,34741.3,34754.3,1566
2022-02-17 10:30:00+00:00,2022-02-17 19:30:00+09:00,34754.8,34782.9,34740.4,34767.3,1546
2022-02-17 11:00:00+00:00,2022-02-17 20:00:00+09:00,34769.3,34832.3,34767.2,34826.8,2034
2022-02-17 11:30:00+00:00,2022-02-17 20:30:00+09:00,34826.3,34879.4,34814.8,34865.4,1925
2022-02-17 12:00:00+00:00,2022-02-17 21:00:00+09:00,34864.4,34918.8,34768.8,34790.8,3307
2022-02-17 12:30:00+00:00,2022-02-17 21:30:00+09:00,34790.3,34813.3,34672.3,34684.8,3342
2022-02-17 13:00:00+00:00,2022-02-17 22:00:00+09:00,34685.8,34803.8,34679.3,34692.8,3316
2022-02-17 13:30:00+00:00,2022-02-17 22:30:00+09:00,34710.8,34724.3,34471.4,34483.4,6572
2022-02-17 14:00:00+00:00,2022-02-17 23:00:00+09:00,34482.4,34550.6,34421.1,34434.6,5724
2022-02-17 14:30:00+00:00,2022-02-17 23:30:00+09:00,34433.1,34519.7,34421.6,34507.6,5069
2022-02-17 15:00:00+00:00,2022-02-18 00:00:00+09:00,34506.6,34546.6,34488.6,34515.5,4197
2022-02-17 15:30:00+00:00,2022-02-18 00:30:00+09:00,34514.5,34573.0,34494.0,34528.1,3948
2022-02-17 16:00:00+00:00,2022-02-18 01:00:00+09:00,34528.0,34583.0,34505.4,34569.5,3489
2022-02-17 16:30:00+00:00,2022-02-18 01:30:00+09:00,34567.0,34590.5,34519.0,34553.1,3133
2022-02-17 17:00:00+00:00,2022-02-18 02:00:00+09:00,34554.1,34564.0,34513.0,34529.0,3194
2022-02-17 17:30:00+00:00,2022-02-18 02:30:00+09:00,34528.5,34583.0,34499.5,34524.1,3133
2022-02-17 18:00:00+00:00,2022-02-18 03:00:00+09:00,34524.6,34525.1,34415.5,34431.5,3368
2022-02-17 18:30:00+00:00,2022-02-18 03:30:00+09:00,34430.0,34444.5,34376.5,34380.5,3707
2022-02-17 19:00:00+00:00,2022-02-18 04:00:00+09:00,34381.0,34392.0,34259.9,34319.0,4429
2022-02-17 19:30:00+00:00,2022-02-18 04:30:00+09:00,34318.0,34389.4,34241.9,34303.4,5504
2022-02-17 20:00:00+00:00,2022-02-18 05:00:00+09:00,34303.9,34340.0,34253.5,34290.7,1977
2022-02-17 20:30:00+00:00,2022-02-18 05:30:00+09:00,34291.2,34325.7,34287.7,34312.7,706
2022-02-17 22:00:00+00:00,2022-02-18 07:00:00+09:00,34293.4,34328.9,34266.4,34324.4,1195
2022-02-17 22:30:00+00:00,2022-02-18 07:30:00+09:00,34322.4,34347.3,34322.4,34332.3,990
2022-02-17 23:00:00+00:00,2022-02-18 08:00:00+09:00,34331.3,34353.3,34295.3,34316.3,2137
2022-02-17 23:30:00+00:00,2022-02-18 08:30:00+09:00,34314.8,34326.8,34270.3,34321.3,1949
2022-02-18 00:00:00+00:00,2022-02-18 09:00:00+09:00,34320.8,34340.3,34287.3,34300.8,1809
2022-02-18 00:30:00+00:00,2022-02-18 09:30:00+09:00,34300.3,34481.3,34283.3,34461.3,3784
2022-02-18 01:00:00+00:00,2022-02-18 10:00:00+09:00,34462.3,34479.8,34446.8,34455.8,2336
2022-02-18 01:30:00+00:00,2022-02-18 10:30:00+09:00,34456.3,34466.8,34429.3,34450.3,1541
2022-02-18 02:00:00+00:00,2022-02-18 11:00:00+09:00,34450.8,34492.3,34433.3,34489.3,1288
2022-02-18 02:30:00+00:00,2022-02-18 11:30:00+09:00,34489.8,34512.3,34467.8,34486.3,1542
2022-02-18 03:00:00+00:00,2022-02-18 12:00:00+09:00,34486.8,34566.3,34486.8,34542.3,1220
2022-02-18 03:30:00+00:00,2022-02-18 12:30:00+09:00,34541.3,34542.8,34511.4,34513.3,1166
2022-02-18 04:00:00+00:00,2022-02-18 13:00:00+09:00,34512.8,34522.4,34490.3,34495.3,1210
2022-02-18 04:30:00+00:00,2022-02-18 13:30:00+09:00,34494.8,34520.9,34483.3,34491.8,1146
2022-02-18 05:00:00+00:00,2022-02-18 14:00:00+09:00,34489.3,34489.8,34452.8,34482.3,1739
2022-02-18 05:30:00+00:00,2022-02-18 14:30:00+09:00,34481.8,34493.3,34453.3,34456.8,1174
2022-02-18 06:00:00+00:00,2022-02-18 15:00:00+09:00,34455.3,34489.8,34443.8,34458.7,1930
2022-02-18 06:30:00+00:00,2022-02-18 15:30:00+09:00,34457.7,34478.1,34438.1,34468.2,1839
2022-02-18 07:00:00+00:00,2022-02-18 16:00:00+09:00,34469.2,34510.1,34451.1,34485.7,3819
2022-02-18 07:30:00+00:00,2022-02-18 16:30:00+09:00,34486.2,34530.7,34461.2,34476.2,2865
2022-02-18 08:00:00+00:00,2022-02-18 17:00:00+09:00,34474.2,34481.6,34394.1,34427.2,2852
2022-02-18 08:30:00+00:00,2022-02-18 17:30:00+09:00,34426.2,34461.2,34412.7,34445.7,2121
2022-02-18 09:00:00+00:00,2022-02-18 18:00:00+09:00,34446.1,34456.1,34403.6,34434.1,2235
2022-02-18 09:30:00+00:00,2022-02-18 18:30:00+09:00,34433.6,34440.2,34405.2,34410.2,2035
2022-02-18 10:00:00+00:00,2022-02-18 19:00:00+09:00,34409.2,34446.1,34394.1,34424.4,1652
2022-02-18 10:30:00+00:00,2022-02-18 19:30:00+09:00,34424.9,34430.3,34359.2,34394.2,1820
2022-02-18 11:00:00+00:00,2022-02-18 20:00:00+09:00,34394.1,34439.6,34383.1,34425.2,1817
2022-02-18 11:30:00+00:00,2022-02-18 20:30:00+09:00,34426.2,34446.9,34423.2,34439.8,1534
2022-02-18 12:00:00+00:00,2022-02-18 21:00:00+09:00,34435.8,34459.1,34233.2,34243.2,4178
2022-02-18 12:30:00+00:00,2022-02-18 21:30:00+09:00,34242.7,34301.2,34156.2,34283.2,4007
2022-02-18 13:00:00+00:00,2022-02-18 22:00:00+09:00,34284.7,34308.1,34193.2,34259.2,3321
2022-02-18 13:30:00+00:00,2022-02-18 22:30:00+09:00,34262.6,34367.2,34188.1,34356.2,6347
2022-02-18 14:00:00+00:00,2022-02-18 23:00:00+09:00,34357.7,34420.1,34304.2,34321.2,5672
2022-02-18 14:30:00+00:00,2022-02-18 23:30:00+09:00,34321.7,34321.7,34191.2,34208.7,5102
2022-02-18 15:00:00+00:00,2022-02-19 00:00:00+09:00,34208.2,34225.2,34085.1,34195.2,5394
2022-02-18 15:30:00+00:00,2022-02-19 00:30:00+09:00,34197.2,34221.2,34036.7,34059.2,4970
2022-02-18 16:00:00+00:00,2022-02-19 01:00:00+09:00,34058.2,34166.1,34027.6,34102.1,4934
2022-02-18 16:30:00+00:00,2022-02-19 01:30:00+09:00,34102.6,34138.1,34005.2,34008.7,5571
2022-02-18 17:00:00+00:00,2022-02-19 02:00:00+09:00,34007.2,34082.2,33979.6,34026.2,4688
2022-02-18 17:30:00+00:00,2022-02-19 02:30:00+09:00,34025.2,34139.7,34017.2,34119.3,4383
2022-02-18 18:00:00+00:00,2022-02-19 03:00:00+09:00,34119.2,34270.2,34109.1,34262.2,4483
2022-02-18 18:30:00+00:00,2022-02-19 03:30:00+09:00,34261.2,34303.1,34149.2,34280.7,4976
2022-02-18 19:00:00+00:00,2022-02-19 04:00:00+09:00,34280.2,34319.6,34090.7,34098.2,5905
2022-02-18 19:30:00+00:00,2022-02-19 04:30:00+09:00,34096.2,34186.2,33966.2,34087.2,6084
2022-02-18 20:00:00+00:00,2022-02-19 05:00:00+09:00,34089.7,34161.6,34088.1,34141.5,1918
2022-02-18 20:30:00+00:00,2022-02-19 05:30:00+09:00,34142.5,34152.0,34077.5,34085.0,1076
2022-02-20 22:00:00+00:00,2022-02-21 07:00:00+09:00,33963.2,34024.2,33946.7,33988.2,3035
2022-02-20 22:30:00+00:00,2022-02-21 07:30:00+09:00,33988.7,34020.2,33977.7,33997.2,1799
2022-02-20 23:00:00+00:00,2022-02-21 08:00:00+09:00,33995.7,34005.2,33941.7,33969.2,2864
2022-02-20 23:30:00+00:00,2022-02-21 08:30:00+09:00,33968.2,34179.2,33959.2,34157.7,3234
2022-02-21 00:00:00+00:00,2022-02-21 09:00:00+09:00,34157.2,34264.7,34074.7,34211.2,4226
2022-02-21 00:30:00+00:00,2022-02-21 09:30:00+09:00,34209.7,34291.7,34203.7,34236.2,3341
2022-02-21 01:00:00+00:00,2022-02-21 10:00:00+09:00,34237.7,34248.2,34198.2,34201.7,1891
2022-02-21 01:30:00+00:00,2022-02-21 10:30:00+09:00,34202.2,34264.7,34201.2,34248.2,1875
2022-02-21 02:00:00+00:00,2022-02-21 11:00:00+09:00,34248.7,34271.7,34233.2,34245.2,1413
2022-02-21 02:30:00+00:00,2022-02-21 11:30:00+09:00,34245.7,34254.2,34192.7,34213.7,1751
2022-02-21 03:00:00+00:00,2022-02-21 12:00:00+09:00,34212.2,34235.2,34201.2,34231.2,1334
2022-02-21 03:30:00+00:00,2022-02-21 12:30:00+09:00,34230.2,34250.7,34222.2,34246.3,1163
2022-02-21 04:00:00+00:00,2022-02-21 13:00:00+09:00,34245.3,34270.2,34238.2,34262.2,1403
2022-02-21 04:30:00+00:00,2022-02-21 13:30:00+09:00,34261.7,34271.4,34237.3,34269.4,1241
2022-02-21 05:00:00+00:00,2022-02-21 14:00:00+09:00,34269.9,34290.2,34256.2,34269.9,1273
2022-02-21 05:30:00+00:00,2022-02-21 14:30:00+09:00,34270.9,34357.2,34270.9,34341.8,1542
2022-02-21 06:00:00+00:00,2022-02-21 15:00:00+09:00,34342.8,34417.3,34334.5,34374.3,2375
2022-02-21 06:30:00+00:00,2022-02-21 15:30:00+09:00,34375.3,34399.3,34349.3,34352.3,2273
2022-02-21 07:00:00+00:00,2022-02-21 16:00:00+09:00,34352.8,34367.3,34323.3,34333.3,3371
2022-02-21 07:30:00+00:00,2022-02-21 16:30:00+09:00,34332.8,34359.3,34225.8,34258.8,3705
2022-02-21 08:00:00+00:00,2022-02-21 17:00:00+09:00,34259.3,34264.3,34138.8,34191.3,3035
2022-02-21 08:30:00+00:00,2022-02-21 17:30:00+09:00,34192.8,34211.9,34124.9,34134.4,2200
2022-02-21 09:00:00+00:00,2022-02-21 18:00:00+09:00,34134.9,34156.8,34089.3,34089.3,2064
2022-02-21 09:30:00+00:00,2022-02-21 18:30:00+09:00,34085.8,34152.3,34084.8,34108.9,2127
2022-02-21 10:00:00+00:00,2022-02-21 19:00:00+09:00,34110.9,34129.8,34043.3,34045.3,2396
2022-02-21 10:30:00+00:00,2022-02-21 19:30:00+09:00,34047.8,34060.4,33944.3,34026.8,2814
2022-02-21 11:00:00+00:00,2022-02-21 20:00:00+09:00,34025.8,34026.8,33929.3,34002.3,2421
2022-02-21 11:30:00+00:00,2022-02-21 20:30:00+09:00,34000.8,34000.8,33865.4,33935.4,3431
2022-02-21 12:00:00+00:00,2022-02-21 21:00:00+09:00,33933.9,33960.8,33793.8,33850.3,3575
2022-02-21 12:30:00+00:00,2022-02-21 21:30:00+09:00,33849.3,33938.8,33808.4,33897.3,3951
2022-02-21 13:00:00+00:00,2022-02-21 22:00:00+09:00,33896.8,34024.8,33860.8,33984.3,4392
2022-02-21 13:30:00+00:00,2022-02-21 22:30:00+09:00,33983.8,34012.3,33887.3,33902.9,4221
2022-02-21 14:00:00+00:00,2022-02-21 23:00:00+09:00,33899.8,34005.2,33885.7,33979.7,3627
2022-02-21 14:30:00+00:00,2022-02-21 23:30:00+09:00,33980.2,33992.7,33869.2,33913.9,2932
2022-02-21 15:00:00+00:00,2022-02-22 00:00:00+09:00,33913.4,33922.3,33839.8,33843.8,2943
2022-02-21 15:30:00+00:00,2022-02-22 00:30:00+09:00,33848.3,33885.9,33787.8,33827.8,2453
2022-02-21 16:00:00+00:00,2022-02-22 01:00:00+09:00,33828.3,33854.7,33773.2,33779.2,2420
2022-02-21 16:30:00+00:00,2022-02-22 01:30:00+09:00,33779.7,33827.3,33743.4,33764.4,1893
2022-02-21 22:00:00+00:00,2022-02-22 07:00:00+09:00,33613.2,33687.2,33481.2,33502.2,3134
2022-02-21 22:30:00+00:00,2022-02-22 07:30:00+09:00,33497.2,33651.7,33475.7,33623.7,2941
2022-02-21 23:00:00+00:00,2022-02-22 08:00:00+09:00,33624.2,33657.7,33563.7,33639.7,3965
2022-02-21 23:30:00+00:00,2022-02-22 08:30:00+09:00,33642.2,33727.7,33629.2,33679.7,3054
2022-02-22 00:00:00+00:00,2022-02-22 09:00:00+09:00,33677.7,33688.7,33590.2,33612.2,3593
2022-02-22 00:30:00+00:00,2022-02-22 09:30:00+09:00,33611.7,33675.2,33584.2,33593.2,3720
2022-02-22 01:00:00+00:00,2022-02-22 10:00:00+09:00,33592.2,33642.7,33554.7,33584.2,2593
2022-02-22 01:30:00+00:00,2022-02-22 10:30:00+09:00,33583.7,33606.7,33555.7,33583.7,2526
2022-02-22 02:00:00+00:00,2022-02-22 11:00:00+09:00,33582.7,33590.2,33530.7,33540.2,2410
2022-02-22 02:30:00+00:00,2022-02-22 11:30:00+09:00,33539.7,33548.7,33512.2,33546.7,2085
2022-02-22 03:00:00+00:00,2022-02-22 12:00:00+09:00,33547.7,33639.7,33547.7,33630.7,2026
2022-02-22 03:30:00+00:00,2022-02-22 12:30:00+09:00,33632.2,33635.7,33609.7,33625.2,1440
2022-02-22 04:00:00+00:00,2022-02-22 13:00:00+09:00,33626.2,33686.2,33619.7,33675.7,2076
2022-02-22 04:30:00+00:00,2022-02-22 13:30:00+09:00,33674.7,33682.7,33635.2,33655.7,1970
2022-02-22 05:00:00+00:00,2022-02-22 14:00:00+09:00,33654.7,33664.7,33571.7,33648.7,2562
2022-02-22 05:30:00+00:00,2022-02-22 14:30:00+09:00,33649.7,33710.2,33589.7,33628.2,2331
2022-02-22 06:00:00+00:00,2022-02-22 15:00:00+09:00,33628.7,33675.2,33552.2,33564.8,4112
2022-02-22 06:30:00+00:00,2022-02-22 15:30:00+09:00,33563.8,33634.8,33545.3,33545.3,4064
2022-02-22 07:00:00+00:00,2022-02-22 16:00:00+09:00,33546.3,33714.3,33528.2,33690.3,5749
2022-02-22 07:30:00+00:00,2022-02-22 16:30:00+09:00,33689.3,33774.3,33654.3,33765.8,4408
2022-02-22 08:00:00+00:00,2022-02-22 17:00:00+09:00,33772.2,33781.2,33699.7,33751.3,4143
2022-02-22 08:30:00+00:00,2022-02-22 17:30:00+09:00,33750.3,33779.8,33693.8,33711.3,3550
2022-02-22 09:00:00+00:00,2022-02-22 18:00:00+09:00,33714.3,33927.7,33707.7,33897.7,3959
2022-02-22 09:30:00+00:00,2022-02-22 18:30:00+09:00,33897.2,34067.3,33866.7,33988.3,4612
2022-02-22 10:00:00+00:00,2022-02-22 19:00:00+09:00,33989.8,34041.7,33980.2,33994.8,3952
2022-02-22 10:30:00+00:00,2022-02-22 19:30:00+09:00,33994.3,34010.3,33918.3,33974.3,3286
2022-02-22 11:00:00+00:00,2022-02-22 20:00:00+09:00,33973.3,34116.8,33927.7,34032.2,3291
2022-02-22 11:30:00+00:00,2022-02-22 20:30:00+09:00,34032.7,34064.8,33991.3,34029.3,2816
2022-02-22 12:00:00+00:00,2022-02-22 21:00:00+09:00,34029.2,34039.2,33915.8,33916.8,3227
2022-02-22 12:30:00+00:00,2022-02-22 21:30:00+09:00,33917.8,34002.8,33917.8,33961.3,2527
2022-02-22 13:00:00+00:00,2022-02-22 22:00:00+09:00,33959.3,33985.2,33862.8,33873.8,2296
2022-02-22 13:30:00+00:00,2022-02-22 22:30:00+09:00,33886.8,34031.8,33720.7,33972.3,6615
2022-02-22 14:00:00+00:00,2022-02-22 23:00:00+09:00,33971.8,34012.8,33859.7,34007.8,6260
2022-02-22 14:30:00+00:00,2022-02-22 23:30:00+09:00,34008.3,34016.3,33772.3,33776.8,6091
2022-02-22 15:00:00+00:00,2022-02-23 00:00:00+09:00,33777.8,33855.8,33753.7,33783.8,5962
2022-02-22 15:30:00+00:00,2022-02-23 00:30:00+09:00,33785.8,33856.8,33737.8,33787.8,5705
2022-02-22 16:00:00+00:00,2022-02-23 01:00:00+09:00,33785.8,33823.7,33719.7,33732.7,4978
2022-02-22 16:30:00+00:00,2022-02-23 01:30:00+09:00,33731.2,33733.7,33604.8,33621.8,4897
2022-02-22 17:00:00+00:00,2022-02-23 02:00:00+09:00,33622.8,33669.7,33533.2,33577.3,5228
2022-02-22 17:30:00+00:00,2022-02-23 02:30:00+09:00,33574.3,33597.3,33425.3,33475.3,5266
2022-02-22 18:00:00+00:00,2022-02-23 03:00:00+09:00,33473.8,33548.7,33357.7,33506.7,5769
2022-02-22 18:30:00+00:00,2022-02-23 03:30:00+09:00,33506.2,33728.3,33453.2,33668.3,6594
2022-02-22 19:00:00+00:00,2022-02-23 04:00:00+09:00,33670.3,33794.2,33651.3,33713.8,6515
2022-02-22 19:30:00+00:00,2022-02-23 04:30:00+09:00,33714.3,33734.3,33481.3,33589.3,6550
2022-02-22 20:00:00+00:00,2022-02-23 05:00:00+09:00,33592.8,33712.7,33592.8,33668.6,1969
2022-02-22 20:30:00+00:00,2022-02-23 05:30:00+09:00,33667.1,33711.1,33651.1,33660.6,1018
2022-02-22 22:00:00+00:00,2022-02-23 07:00:00+09:00,33661.7,33750.2,33656.2,33734.7,1277
2022-02-22 22:30:00+00:00,2022-02-23 07:30:00+09:00,33737.7,33756.7,33716.2,33743.2,1183
2022-02-22 23:00:00+00:00,2022-02-23 08:00:00+09:00,33745.2,33755.2,33734.7,33743.7,1077
2022-02-22 23:30:00+00:00,2022-02-23 08:30:00+09:00,33744.2,33753.2,33731.9,33745.8,996
2022-02-23 00:00:00+00:00,2022-02-23 09:00:00+09:00,33745.3,33760.2,33728.7,33740.3,874
2022-02-23 00:30:00+00:00,2022-02-23 09:30:00+09:00,33740.8,33740.8,33669.2,33717.2,2374
2022-02-23 01:00:00+00:00,2022-02-23 10:00:00+09:00,33719.2,33738.2,33683.2,33690.2,1422
2022-02-23 01:30:00+00:00,2022-02-23 10:30:00+09:00,33690.7,33704.7,33665.2,33682.7,1360
2022-02-23 02:00:00+00:00,2022-02-23 11:00:00+09:00,33683.2,33706.2,33651.7,33703.2,1221
2022-02-23 02:30:00+00:00,2022-02-23 11:30:00+09:00,33704.7,33720.7,33689.7,33716.7,1179
2022-02-23 03:00:00+00:00,2022-02-23 12:00:00+09:00,33717.7,33729.5,33706.2,33711.7,924
2022-02-23 03:30:00+00:00,2022-02-23 12:30:00+09:00,33712.7,33752.3,33712.2,33747.5,816
2022-02-23 04:00:00+00:00,2022-02-23 13:00:00+09:00,33746.0,33753.5,33736.1,33748.0,775
2022-02-23 04:30:00+00:00,2022-02-23 13:30:00+09:00,33747.5,33771.2,33721.4,33728.8,1077
2022-02-23 05:00:00+00:00,2022-02-23 14:00:00+09:00,33726.8,33765.2,33717.2,33725.7,1358
2022-02-23 05:30:00+00:00,2022-02-23 14:30:00+09:00,33726.7,33735.7,33692.2,33693.7,1122
2022-02-23 06:00:00+00:00,2022-02-23 15:00:00+09:00,33692.2,33722.3,33656.8,33704.3,1941
2022-02-23 06:30:00+00:00,2022-02-23 15:30:00+09:00,33701.3,33758.3,33701.3,33735.3,1955
2022-02-23 07:00:00+00:00,2022-02-23 16:00:00+09:00,33736.8,33841.3,33703.3,33825.3,4027
2022-02-23 07:30:00+00:00,2022-02-23 16:30:00+09:00,33824.3,33847.3,33787.8,33842.3,2882
2022-02-23 08:00:00+00:00,2022-02-23 17:00:00+09:00,33841.3,33879.8,33823.3,33863.8,2789
2022-02-23 08:30:00+00:00,2022-02-23 17:30:00+09:00,33863.3,33889.3,33801.9,33815.9,2262
2022-02-23 09:00:00+00:00,2022-02-23 18:00:00+09:00,33814.4,33829.8,33756.8,33813.3,2851
2022-02-23 09:30:00+00:00,2022-02-23 18:30:00+09:00,33812.8,33835.8,33759.4,33805.9,2369
2022-02-23 10:00:00+00:00,2022-02-23 19:00:00+09:00,33806.4,33818.3,33744.3,33769.3,2459
2022-02-23 10:30:00+00:00,2022-02-23 19:30:00+09:00,33770.3,33779.8,33688.8,33700.3,2445
2022-02-23 11:00:00+00:00,2022-02-23 20:00:00+09:00,33701.3,33777.3,33697.2,33773.3,2270
2022-02-23 11:30:00+00:00,2022-02-23 20:30:00+09:00,33772.8,33822.4,33764.8,33816.4,1765
2022-02-23 12:00:00+00:00,2022-02-23 21:00:00+09:00,33818.4,33847.3,33794.3,33802.3,1720
2022-02-23 12:30:00+00:00,2022-02-23 21:30:00+09:00,33803.3,33833.3,33765.4,33825.3,1787
2022-02-23 13:00:00+00:00,2022-02-23 22:00:00+09:00,33824.8,33843.3,33803.3,33820.3,1803
2022-02-23 13:30:00+00:00,2022-02-23 22:30:00+09:00,33814.8,33827.3,33667.4,33673.9,6638
2022-02-23 14:00:00+00:00,2022-02-23 23:00:00+09:00,33671.9,33672.8,33476.0,33498.5,6366
2022-02-23 14:30:00+00:00,2022-02-23 23:30:00+09:00,33496.0,33580.6,33459.5,33531.0,6043
2022-02-23 15:00:00+00:00,2022-02-24 00:00:00+09:00,33531.5,33553.5,33440.5,33480.0,5606
2022-02-23 15:30:00+00:00,2022-02-24 00:30:00+09:00,33478.5,33603.6,33448.5,33587.6,5335
2022-02-23 16:00:00+00:00,2022-02-24 01:00:00+09:00,33589.6,33673.5,33540.0,33667.0,4844
2022-02-23 16:30:00+00:00,2022-02-24 01:30:00+09:00,33666.5,33679.5,33524.6,33550.6,4668
2022-02-23 17:00:00+00:00,2022-02-24 02:00:00+09:00,33549.6,33550.6,33374.5,33382.5,4947
2022-02-23 17:30:00+00:00,2022-02-24 02:30:00+09:00,33383.5,33477.0,33326.1,33403.0,5150
2022-02-23 18:00:00+00:00,2022-02-24 03:00:00+09:00,33401.5,33431.4,33270.5,33284.5,5505
2022-02-23 18:30:00+00:00,2022-02-24 03:30:00+09:00,33283.5,33310.0,33181.0,33220.1,5888
2022-02-23 19:00:00+00:00,2022-02-24 04:00:00+09:00,33221.6,33260.5,33135.5,33245.5,5485
2022-02-23 19:30:00+00:00,2022-02-24 04:30:00+09:00,33244.5,33251.5,33083.5,33146.5,6166
2022-02-23 20:00:00+00:00,2022-02-24 05:00:00+09:00,33143.5,33176.0,33126.0,33145.8,1987
2022-02-23 20:30:00+00:00,2022-02-24 05:30:00+09:00,33146.3,33158.3,33083.3,33100.3,1298
2022-02-23 22:00:00+00:00,2022-02-24 07:00:00+09:00,33136.0,33154.5,33071.0,33108.5,1871
2022-02-23 22:30:00+00:00,2022-02-24 07:30:00+09:00,33109.0,33168.5,33107.0,33119.5,1541
2022-02-23 23:00:00+00:00,2022-02-24 08:00:00+09:00,33118.0,33153.5,33023.5,33071.0,3139
2022-02-23 23:30:00+00:00,2022-02-24 08:30:00+09:00,33068.5,33077.5,32929.0,32931.0,3777
2022-02-24 00:00:00+00:00,2022-02-24 09:00:00+09:00,32930.0,32995.5,32873.0,32888.5,3513
2022-02-24 00:30:00+00:00,2022-02-24 09:30:00+09:00,32888.0,33037.5,32876.5,33002.5,3946
2022-02-24 01:00:00+00:00,2022-02-24 10:00:00+09:00,33003.5,33023.0,32890.0,32894.0,3258
2022-02-24 01:30:00+00:00,2022-02-24 10:30:00+09:00,32896.5,32969.5,32841.5,32862.0,4172
2022-02-24 02:00:00+00:00,2022-02-24 11:00:00+09:00,32860.5,32878.5,32558.5,32598.5,5697
2022-02-24 02:30:00+00:00,2022-02-24 11:30:00+09:00,32599.5,32599.5,32287.5,32377.5,5955
2022-02-24 03:00:00+00:00,2022-02-24 12:00:00+09:00,32376.0,32464.0,32334.5,32397.0,4490
2022-02-24 03:30:00+00:00,2022-02-24 12:30:00+09:00,32398.0,32532.0,32385.5,32502.0,3987
2022-02-24 04:00:00+00:00,2022-02-24 13:00:00+09:00,32504.0,32523.5,32416.5,32470.5,3952
2022-02-24 04:30:00+00:00,2022-02-24 13:30:00+09:00,32470.0,32474.0,32378.0,32434.5,3553
2022-02-24 05:00:00+00:00,2022-02-24 14:00:00+09:00,32436.5,32553.5,32435.5,32446.5,3467
2022-02-24 05:30:00+00:00,2022-02-24 14:30:00+09:00,32446.0,32479.5,32325.5,32376.5,3550
2022-02-24 06:00:00+00:00,2022-02-24 15:00:00+09:00,32378.0,32449.6,32229.1,32243.6,5463
2022-02-24 06:30:00+00:00,2022-02-24 15:30:00+09:00,32244.6,32408.6,32234.6,32343.1,5242
2022-02-24 07:00:00+00:00,2022-02-24 16:00:00+09:00,32340.6,32530.1,32290.6,32469.6,6636
2022-02-24 07:30:00+00:00,2022-02-24 16:30:00+09:00,32473.6,32518.1,32410.7,32487.6,5584
2022-02-24 08:00:00+00:00,2022-02-24 17:00:00+09:00,32490.6,32700.1,32471.6,32557.1,6018
2022-02-24 08:30:00+00:00,2022-02-24 17:30:00+09:00,32559.6,32588.1,32449.2,32449.2,5232
2022-02-24 09:00:00+00:00,2022-02-24 18:00:00+09:00,32448.7,32545.6,32376.1,32412.1,5269
2022-02-24 09:30:00+00:00,2022-02-24 18:30:00+09:00,32411.6,32485.6,32383.6,32399.2,4755
2022-02-24 10:00:00+00:00,2022-02-24 19:00:00+09:00,32398.7,32416.1,32280.6,32302.6,5235
2022-02-24 10:30:00+00:00,2022-02-24 19:30:00+09:00,32301.6,32431.1,32251.6,32419.6,5011
2022-02-24 11:00:00+00:00,2022-02-24 20:00:00+09:00,32421.1,32430.5,32291.6,32327.1,4800
2022-02-24 11:30:00+00:00,2022-02-24 20:30:00+09:00,32326.6,32372.7,32280.1,32370.7,4312
2022-02-24 12:00:00+00:00,2022-02-24 21:00:00+09:00,32369.7,32403.6,32266.1,32283.6,4490
2022-02-24 12:30:00+00:00,2022-02-24 21:30:00+09:00,32278.1,32406.1,32274.1,32324.6,5050
2022-02-24 13:00:00+00:00,2022-02-24 22:00:00+09:00,32323.6,32439.1,32261.1,32282.1,4769
2022-02-24 13:30:00+00:00,2022-02-24 22:30:00+09:00,32281.1,32499.1,32256.1,32480.2,7659
2022-02-24 14:00:00+00:00,2022-02-24 23:00:00+09:00,32476.2,32621.6,32324.1,32416.6,7629
2022-02-24 14:30:00+00:00,2022-02-24 23:30:00+09:00,32414.6,32570.1,32371.1,32515.1,7407
2022-02-24 15:00:00+00:00,2022-02-25 00:00:00+09:00,32516.1,32658.1,32476.6,32537.1,7058
2022-02-24 15:30:00+00:00,2022-02-25 00:30:00+09:00,32538.6,32581.1,32415.1,32574.7,6783
2022-02-24 16:00:00+00:00,2022-02-25 01:00:00+09:00,32574.2,32595.1,32363.1,32447.1,6027
2022-02-24 16:30:00+00:00,2022-02-25 01:30:00+09:00,32446.1,32526.1,32373.1,32414.2,6673
2022-02-24 17:00:00+00:00,2022-02-25 02:00:00+09:00,32415.2,32520.1,32368.1,32408.6,6272
2022-02-24 17:30:00+00:00,2022-02-25 02:30:00+09:00,32410.6,32738.6,32401.1,32568.1,6968
2022-02-24 18:00:00+00:00,2022-02-25 03:00:00+09:00,32567.1,32727.1,32505.6,32717.1,7281
2022-02-24 18:30:00+00:00,2022-02-25 03:30:00+09:00,32716.1,32941.2,32707.1,32910.7,6667
2022-02-24 19:00:00+00:00,2022-02-25 04:00:00+09:00,32908.7,33003.1,32868.6,32878.6,6153
2022-02-24 19:30:00+00:00,2022-02-25 04:30:00+09:00,32870.6,33271.6,32869.6,33234.1,6402
2022-02-24 20:00:00+00:00,2022-02-25 05:00:00+09:00,33231.6,33238.6,33073.4,33097.9,2484
2022-02-24 20:30:00+00:00,2022-02-25 05:30:00+09:00,33097.4,33196.9,33084.4,33117.9,1126
2022-02-24 22:00:00+00:00,2022-02-25 07:00:00+09:00,33109.4,33130.4,33053.9,33067.9,1999
2022-02-24 22:30:00+00:00,2022-02-25 07:30:00+09:00,33069.9,33098.9,33032.4,33079.4,2352
2022-02-24 23:00:00+00:00,2022-02-25 08:00:00+09:00,33081.9,33190.4,33079.9,33163.9,2969
2022-02-24 23:30:00+00:00,2022-02-25 08:30:00+09:00,33162.9,33186.9,33057.4,33075.9,2792
2022-02-25 00:00:00+00:00,2022-02-25 09:00:00+09:00,33074.9,33139.4,33049.4,33102.4,3319
2022-02-25 00:30:00+00:00,2022-02-25 09:30:00+09:00,33101.9,33127.9,33033.9,33091.9,3177
2022-02-25 01:00:00+00:00,2022-02-25 10:00:00+09:00,33091.4,33110.4,33031.9,33065.9,2637
2022-02-25 01:30:00+00:00,2022-02-25 10:30:00+09:00,33064.9,33075.9,33030.4,33063.9,1952
2022-02-25 02:00:00+00:00,2022-02-25 11:00:00+09:00,33063.4,33081.4,33024.9,33052.9,1953
2022-02-25 02:30:00+00:00,2022-02-25 11:30:00+09:00,33051.9,33138.9,33014.4,33120.9,2552
2022-02-25 03:00:00+00:00,2022-02-25 12:00:00+09:00,33119.9,33149.9,33103.9,33134.4,2235
2022-02-25 03:30:00+00:00,2022-02-25 12:30:00+09:00,33133.4,33140.4,33075.4,33102.9,1680
2022-02-25 04:00:00+00:00,2022-02-25 13:00:00+09:00,33100.4,33110.4,33044.9,33057.9,2123
2022-02-25 04:30:00+00:00,2022-02-25 13:30:00+09:00,33058.4,33100.4,33043.4,33054.9,2233
2022-02-25 05:00:00+00:00,2022-02-25 14:00:00+09:00,33061.9,33103.9,33033.4,33086.4,1688
2022-02-25 05:30:00+00:00,2022-02-25 14:30:00+09:00,33087.9,33089.4,33053.4,33065.9,1782
2022-02-25 06:00:00+00:00,2022-02-25 15:00:00+09:00,33065.9,33106.0,33016.5,33060.0,2789
2022-02-25 06:30:00+00:00,2022-02-25 15:30:00+09:00,33060.5,33084.5,32959.0,33011.5,3236
2022-02-25 07:00:00+00:00,2022-02-25 16:00:00+09:00,33010.5,33018.4,32852.5,32877.5,5551
2022-02-25 07:30:00+00:00,2022-02-25 16:30:00+09:00,32880.0,32943.0,32825.6,32877.5,5114
2022-02-25 08:00:00+00:00,2022-02-25 17:00:00+09:00,32880.5,32920.5,32852.5,32872.5,4364
2022-02-25 08:30:00+00:00,2022-02-25 17:30:00+09:00,32873.0,33031.1,32855.0,32988.6,4574
2022-02-25 09:00:00+00:00,2022-02-25 18:00:00+09:00,32989.1,33070.0,32968.5,33025.0,4044
2022-02-25 09:30:00+00:00,2022-02-25 18:30:00+09:00,33026.5,33057.5,32991.6,33009.1,3386
2022-02-25 10:00:00+00:00,2022-02-25 19:00:00+09:00,33007.6,33011.0,32880.5,32963.5,3943
2022-02-25 10:30:00+00:00,2022-02-25 19:30:00+09:00,32958.0,33075.5,32905.5,32982.0,4601
2022-02-25 11:00:00+00:00,2022-02-25 20:00:00+09:00,32988.5,33135.5,32969.9,33091.0,3982
2022-02-25 11:30:00+00:00,2022-02-25 20:30:00+09:00,33089.5,33323.6,33055.0,33292.6,3994
2022-02-25 12:00:00+00:00,2022-02-25 21:00:00+09:00,33291.4,33379.5,33230.0,33347.0,4436
2022-02-25 12:30:00+00:00,2022-02-25 21:30:00+09:00,33346.5,33427.5,33313.0,33374.5,4220
2022-02-25 13:00:00+00:00,2022-02-25 22:00:00+09:00,33375.5,33389.5,33281.5,33358.0,3317
2022-02-25 13:30:00+00:00,2022-02-25 22:30:00+09:00,33358.5,33558.5,33318.1,33336.1,7020
2022-02-25 14:00:00+00:00,2022-02-25 23:00:00+09:00,33334.6,33615.7,33287.7,33591.2,6761
2022-02-25 14:30:00+00:00,2022-02-25 23:30:00+09:00,33591.7,33717.2,33495.3,33674.2,6053
2022-02-25 15:00:00+00:00,2022-02-26 00:00:00+09:00,33673.7,33850.2,33628.2,33820.2,5535
2022-02-25 15:30:00+00:00,2022-02-26 00:30:00+09:00,33821.7,33932.3,33779.2,33923.8,5263
2022-02-25 16:00:00+00:00,2022-02-26 01:00:00+09:00,33924.8,33967.7,33875.2,33964.2,4670
2022-02-25 16:30:00+00:00,2022-02-26 01:30:00+09:00,33964.7,34017.7,33925.3,33959.8,4637
2022-02-25 17:00:00+00:00,2022-02-26 02:00:00+09:00,33959.3,34031.2,33896.2,34010.2,5023
2022-02-25 17:30:00+00:00,2022-02-26 02:30:00+09:00,34011.2,34095.8,33973.8,34017.7,4737
2022-02-25 18:00:00+00:00,2022-02-26 03:00:00+09:00,34022.2,34064.2,33966.1,34026.2,5522
2022-02-25 18:30:00+00:00,2022-02-26 03:30:00+09:00,34027.2,34056.7,33885.3,33963.3,5158
2022-02-25 19:00:00+00:00,2022-02-26 04:00:00+09:00,33962.3,34057.2,33892.7,33996.2,5211
2022-02-25 19:30:00+00:00,2022-02-26 04:30:00+09:00,34000.2,34073.2,33946.2,34054.7,5724
2022-02-25 20:00:00+00:00,2022-02-26 05:00:00+09:00,34054.2,34075.7,34033.0,34065.5,1460
2022-02-25 20:30:00+00:00,2022-02-26 05:30:00+09:00,34066.0,34079.5,34046.5,34070.0,498
2022-02-27 22:00:00+00:00,2022-02-28 07:00:00+09:00,33570.2,33687.2,33415.2,33611.2,4036
2022-02-27 22:30:00+00:00,2022-02-28 07:30:00+09:00,33612.2,33711.2,33549.3,33550.8,2922
2022-02-27 23:00:00+00:00,2022-02-28 08:00:00+09:00,33551.8,33571.8,33491.3,33534.8,2644
2022-02-27 23:30:00+00:00,2022-02-28 08:30:00+09:00,33531.8,33560.8,33508.8,33542.3,1800
2022-02-28 00:00:00+00:00,2022-02-28 09:00:00+09:00,33540.3,33736.8,33539.8,33663.3,3049
2022-02-28 00:30:00+00:00,2022-02-28 09:30:00+09:00,33665.3,33672.8,33525.8,33526.3,2853
2022-02-28 01:00:00+00:00,2022-02-28 10:00:00+09:00,33527.3,33556.3,33500.8,33516.8,2337
2022-02-28 01:30:00+00:00,2022-02-28 10:30:00+09:00,33515.8,33515.8,33373.3,33416.3,2422
2022-02-28 02:00:00+00:00,2022-02-28 11:00:00+09:00,33416.8,33477.3,33380.3,33450.3,1822
2022-02-28 02:30:00+00:00,2022-02-28 11:30:00+09:00,33449.8,33476.3,33413.3,33431.8,1576
2022-02-28 03:00:00+00:00,2022-02-28 12:00:00+09:00,33434.3,33530.3,33433.3,33476.3,1650
2022-02-28 03:30:00+00:00,2022-02-28 12:30:00+09:00,33476.8,33521.8,33456.3,33476.8,1365
2022-02-28 04:00:00+00:00,2022-02-28 13:00:00+09:00,33474.3,33540.3,33470.3,33539.3,1504
2022-02-28 04:30:00+00:00,2022-02-28 13:30:00+09:00,33537.8,33561.3,33507.3,33522.3,1867
2022-02-28 05:00:00+00:00,2022-02-28 14:00:00+09:00,33524.3,33573.3,33495.3,33539.3,1656
2022-02-28 05:30:00+00:00,2022-02-28 14:30:00+09:00,33540.8,33566.3,33503.3,33508.8,1407
2022-02-28 06:00:00+00:00,2022-02-28 15:00:00+09:00,33511.3,33637.3,33489.8,33545.9,4495
2022-02-28 06:30:00+00:00,2022-02-28 15:30:00+09:00,33547.9,33703.3,33541.9,33639.4,4824
2022-02-28 07:00:00+00:00,2022-02-28 16:00:00+09:00,33644.4,33701.3,33592.4,33622.4,6060
2022-02-28 07:30:00+00:00,2022-02-28 16:30:00+09:00,33621.4,33627.4,33509.4,33569.9,4805
2022-02-28 08:00:00+00:00,2022-02-28 17:00:00+09:00,33567.4,33685.8,33544.3,33555.4,4364
2022-02-28 08:30:00+00:00,2022-02-28 17:30:00+09:00,33555.9,33618.4,33521.4,33599.4,3458
2022-02-28 09:00:00+00:00,2022-02-28 18:00:00+09:00,33596.9,33631.3,33551.3,33554.3,2915
2022-02-28 09:30:00+00:00,2022-02-28 18:30:00+09:00,33554.8,33664.4,33522.8,33660.9,3259
2022-02-28 10:00:00+00:00,2022-02-28 19:00:00+09:00,33659.9,33726.3,33591.9,33600.9,3277
2022-02-28 10:30:00+00:00,2022-02-28 19:30:00+09:00,33600.4,33641.9,33583.4,33609.9,2872
2022-02-28 11:00:00+00:00,2022-02-28 20:00:00+09:00,33610.9,33796.8,33605.3,33759.8,3510
2022-02-28 11:30:00+00:00,2022-02-28 20:30:00+09:00,33759.3,33789.4,33637.4,33662.4,3576
2022-02-28 12:00:00+00:00,2022-02-28 21:00:00+09:00,33662.9,33678.3,33612.8,33663.4,3570
2022-02-28 12:30:00+00:00,2022-02-28 21:30:00+09:00,33662.4,33683.9,33521.9,33586.9,3823
2022-02-28 13:00:00+00:00,2022-02-28 22:00:00+09:00,33585.4,33652.3,33563.3,33577.4,3241
2022-02-28 13:30:00+00:00,2022-02-28 22:30:00+09:00,33575.9,33716.4,33531.3,33684.4,6855
2022-02-28 14:00:00+00:00,2022-02-28 23:00:00+09:00,33683.9,33695.3,33511.0,33589.1,6356
2022-02-28 14:30:00+00:00,2022-02-28 23:30:00+09:00,33588.1,33826.1,33579.1,33808.1,5927
2022-02-28 15:00:00+00:00,2022-03-01 00:00:00+09:00,33810.6,33947.6,33776.0,33929.1,5873
2022-02-28 15:30:00+00:00,2022-03-01 00:30:00+09:00,33931.1,33962.6,33815.6,33923.1,5481
2022-02-28 16:00:00+00:00,2022-03-01 01:00:00+09:00,33921.1,33948.5,33716.0,33763.0,5370
2022-02-28 16:30:00+00:00,2022-03-01 01:30:00+09:00,33761.0,33777.0,33625.6,33675.1,5261
2022-02-28 17:00:00+00:00,2022-03-01 02:00:00+09:00,33676.1,33796.5,33625.0,33679.6,5073
2022-02-28 17:30:00+00:00,2022-03-01 02:30:00+09:00,33676.6,33767.1,33631.1,33736.1,5540
2022-02-28 18:00:00+00:00,2022-03-01 03:00:00+09:00,33735.0,33735.0,33460.5,33500.5,6321
2022-02-28 18:30:00+00:00,2022-03-01 03:30:00+09:00,33500.0,33640.6,33465.5,33606.1,5966
2022-02-28 19:00:00+00:00,2022-03-01 04:00:00+09:00,33602.5,33718.6,33525.0,33667.6,6083
2022-02-28 19:30:00+00:00,2022-03-01 04:30:00+09:00,33668.1,33912.6,33529.1,33895.6,6602
2022-02-28 20:00:00+00:00,2022-03-01 05:00:00+09:00,33899.6,33909.4,33855.1,33887.4,2135
2022-02-28 20:30:00+00:00,2022-03-01 05:30:00+09:00,33886.9,33899.9,33876.9,33889.9,548
